Protocollo;Gruppo;DataOraIncidente;Localizzazione1;STRADA1;Localizzazione2;STRADA2;Strada02;Chilometrica;DaSpecificare;NaturaIncidente;particolaritastrade;TipoStrada;FondoStradale;Pavimentazione;Segnaletica;CondizioneAtmosferica;Traffico;Visibilita;Illuminazione;NUM_FERITI;NUM_RISERVATA;NUM_MORTI;NUM_ILLESI;Longitudine;Latitudine;Confermato;Progressivo;TipoVeicolo;StatoVeicolo;TipoPersona;Sesso;Tipolesione;Deceduto;DecedutoDopo;CinturaCascoUtilizzato;Airbag
1956097;13;07/10/2013 07:55;Provinciale;VIA GUIDO CALZA;da specificare;;;;altezza scavi;Scontro laterale fra veicoli in marcia;Rettilineo;Una carreggiata a senso unico di marcia;Bagnato (umidità in atto);Asfaltata;Verticale ed orizzontale;Sereno;Normale;Buona;Ore Diurne;0;0;0;2;;;-1;2;Autocarro inferiore 35 q.;In marcia / fermata / arresto;Conducente;M;Illeso;0;;Non accertato;Inesploso
1956098;5;07/10/2013 14:00;Strada Urbana;VIA DI PIETRALATA;all'intersezione con;VIA PAN;VIA PAN;;;Scontro frontale fra veicoli in marcia;Intersezione stradale segnalata;Una carreggiata a doppio senso;Bagnato (umidità in atto);Asfaltata;Verticale ed orizzontale;Pioggia in atto;Normale;Buona;Ore Diurne;0;0;0;2;;;-1;1;Autovettura privata;In marcia / fermata / arresto;Conducente;F;Illeso;0;;Non accertato;Inesistente
1956098;5;07/10/2013 14:00;Strada Urbana;VIA DI PIETRALATA;all'intersezione con;VIA PAN;VIA PAN;;;Scontro frontale fra veicoli in marcia;Intersezione stradale segnalata;Una carreggiata a doppio senso;Bagnato (umidità in atto);Asfaltata;Verticale ed orizzontale;Pioggia in atto;Normale;Buona;Ore Diurne;0;0;0;2;;;-1;2;Autovettura privata;In marcia / fermata / arresto;Conducente;M;Illeso;0;;Non accertato;Inesistente
1956099;8;07/10/2013 19:50;Strada Urbana;VIA CASILINA;in prossimità;;del civico n. ;1805;;Scontro frontale/laterale DX fra veicoli in marcia;Rettilineo;Una carreggiata a doppio senso;Asciutto;Asfaltata;Verticale ed orizzontale;Sereno;Scarso;Sufficiente;Sufficiente;0;0;0;2;;;-1;1;Autovettura privata;In marcia / fermata / arresto;Conducente;M;Illeso;0;;Non accertato;Inesistente
1956099;8;07/10/2013 19:50;Strada Urbana;VIA CASILINA;in prossimità;;del civico n. ;1805;;Scontro frontale/laterale DX fra veicoli in marcia;Rettilineo;Una carreggiata a doppio senso;Asciutto;Asfaltata;Verticale ed orizzontale;Sereno;Scarso;Sufficiente;Sufficiente;0;0;0;2;;;-1;2;Autovettura privata;In marcia / fermata / arresto;Conducente;F;Illeso;0;;Non accertato;Esploso
1956100;10;08/10/2013 03:30;Strada Urbana;VIA TUSCOLANA;in corrispondenza;;del civico n. ;1040;;Veicolo in marcia contro veicolo fermo;Rettilineo;Una carreggiata a senso unico di marcia;Asciutto;Asfaltata;Verticale ed orizzontale;Sereno;Scarso;Buona;Sufficiente;0;0;0;3;;;-1;1;Autovettura privata;Sosta;Passeggero;M;Illeso;0;;Non accertato;Inesploso
1956100;10;08/10/2013 03:30;Strada Urbana;VIA TUSCOLANA;in corrispondenza;;del civico n. ;1040;;Veicolo in marcia contro veicolo fermo;Rettilineo;Una carreggiata a senso unico di marcia;Asciutto;Asfaltata;Verticale ed orizzontale;Sereno;Scarso;Buona;Sufficiente;0;0;0;3;;;-1;2;Autobus urbano;In marcia / fermata / arresto;Conducente;M;Illeso;0;;Non accertato;Inesploso
1956101;5;07/10/2013 11:50;Strada Urbana;VIA TIBURTINA;all'intersezione semaforizzata con;VIA DI PORTONACCIO;VIA DI PORTONACCIO;;;Scontro laterale fra veicoli in marcia;Intersezione semaforizzata;Due carreggiate;Bagnato (pioggia);Asfaltata;Verticale ed orizzontale;Pioggia in atto;Scarso;Buona;Ore Diurne;0;0;0;2;;;-1;1;Autocarro inferiore 35 q.;In marcia / fermata / arresto;Conducente;M;Illeso;0;;Non accertato;Inesistente
1956101;5;07/10/2013 11:50;Strada Urbana;VIA TIBURTINA;all'intersezione semaforizzata con;VIA DI PORTONACCIO;VIA DI PORTONACCIO;;;Scontro laterale fra veicoli in marcia;Intersezione semaforizzata;Due carreggiate;Bagnato (pioggia);Asfaltata;Verticale ed orizzontale;Pioggia in atto;Scarso;Buona;Ore Diurne;0;0;0;2;;;-1;2;Autovettura privata;In marcia / fermata / arresto;Conducente;M;Illeso;0;;Non accertato;Inesistente
1956102;8;07/10/2013 15:40;Strada Urbana;VIA DI TOR BELLA MONACA;da specificare;;;;INVERSIONE MARCIA TRA VIA QUAGLIA E VIA PARASACCHI;Tamponamento;Curva a visuale libera;Una carreggiata a doppio senso;Bagnato (pioggia);Asfaltata;Verticale ed orizzontale;Nuvoloso;Normale;Buona;Ore Diurne;1;0;0;4;;;-1;1;Autovettura privata;In marcia / fermata / arresto;Conducente;F;Illeso;0;;Non accertato;Inesploso
1956102;8;07/10/2013 15:40;Strada Urbana;VIA DI TOR BELLA MONACA;da specificare;;;;INVERSIONE MARCIA TRA VIA QUAGLIA E VIA PARASACCHI;Tamponamento;Curva a visuale libera;Una carreggiata a doppio senso;Bagnato (pioggia);Asfaltata;Verticale ed orizzontale;Nuvoloso;Normale;Buona;Ore Diurne;1;0;0;4;;;-1;1;Autovettura privata;In marcia / fermata / arresto;Passeggero;F;Illeso;0;;Non accertato;Inesploso
1956102;8;07/10/2013 15:40;Strada Urbana;VIA DI TOR BELLA MONACA;da specificare;;;;INVERSIONE MARCIA TRA VIA QUAGLIA E VIA PARASACCHI;Tamponamento;Curva a visuale libera;Una carreggiata a doppio senso;Bagnato (pioggia);Asfaltata;Verticale ed orizzontale;Nuvoloso;Normale;Buona;Ore Diurne;1;0;0;4;;;-1;1;Autovettura privata;In marcia / fermata / arresto;Passeggero;F;Illeso;0;;Non accertato;Inesistente
1956102;8;07/10/2013 15:40;Strada Urbana;VIA DI TOR BELLA MONACA;da specificare;;;;INVERSIONE MARCIA TRA VIA QUAGLIA E VIA PARASACCHI;Tamponamento;Curva a visuale libera;Una carreggiata a doppio senso;Bagnato (pioggia);Asfaltata;Verticale ed orizzontale;Nuvoloso;Normale;Buona;Ore Diurne;1;0;0;4;;;-1;1;Autovettura privata;In marcia / fermata / arresto;Passeggero;M;Illeso;0;;Non accertato;Inesploso
1956102;8;07/10/2013 15:40;Strada Urbana;VIA DI TOR BELLA MONACA;da specificare;;;;INVERSIONE MARCIA TRA VIA QUAGLIA E VIA PARASACCHI;Tamponamento;Curva a visuale libera;Una carreggiata a doppio senso;Bagnato (pioggia);Asfaltata;Verticale ed orizzontale;Nuvoloso;Normale;Buona;Ore Diurne;1;0;0;4;;;-1;2;Autovettura privata;In marcia / fermata / arresto;Conducente;F;Rifiuta cure immediate;0;NON DECEDUTO;Non accertato;Inesploso
1956103;8;07/10/2013 23:30;Statale entro l'abitato;VIA CASILINA;all'intersezione con;VIA DEGLI ORAFI;VIA DEGLI ORAFI;;;Veicolo in marcia contro ostacolo fisso;Rotatoria;Una carreggiata a doppio senso;Bagnato (umidità in atto);Asfaltata;Verticale ed orizzontale;Nuvoloso;Scarso;Buona;Sufficiente;1;0;0;2;;;-1;1;Autovettura privata;In marcia / fermata / arresto;Passeggero;M;Rimandato;0;NON DECEDUTO;Non accertato;Inesistente
1956103;8;07/10/2013 23:30;Statale entro l'abitato;VIA CASILINA;all'intersezione con;VIA DEGLI ORAFI;VIA DEGLI ORAFI;;;Veicolo in marcia contro ostacolo fisso;Rotatoria;Una carreggiata a doppio senso;Bagnato (umidità in atto);Asfaltata;Verticale ed orizzontale;Nuvoloso;Scarso;Buona;Sufficiente;1;0;0;2;;;-1;1;Autovettura privata;In marcia / fermata / arresto;Passeggero;F;Illeso;0;;Non accertato;Inesistente
1956103;8;07/10/2013 23:30;Statale entro l'abitato;VIA CASILINA;all'intersezione con;VIA DEGLI ORAFI;VIA DEGLI ORAFI;;;Veicolo in marcia contro ostacolo fisso;Rotatoria;Una carreggiata a doppio senso;Bagnato (umidità in atto);Asfaltata;Verticale ed orizzontale;Nuvoloso;Scarso;Buona;Sufficiente;1;0;0;2;;;-1;1;Autovettura privata;In marcia / fermata / arresto;Conducente;M;Illeso;0;;Non accertato;Inesploso
1956104;5;07/10/2013 21:30;Strada Urbana;VIA GIUSEPPE ROSACCIO;in prossimità;;del civico n. ;103;;Veicolo in marcia contro veicoli in sosta;Curva a visuale libera;Una carreggiata a senso unico di marcia;Asciutto;Asfaltata;Verticale;Nuvoloso;Scarso;Buona;Sufficiente;0;0;0;1;;;-1;2;Autovettura privata;In marcia / fermata / arresto;Conducente;F;Illeso;0;;Non accertato;Inesploso
1956105;19;07/10/2013 19:45;Strada Urbana;VIA DI CASAL DEL MARMO;da specificare;;;;prossimita' Via della Stazione di Ottavia;Fuoriuscita dalla sede stradale;Rettilineo;Una carreggiata a doppio senso;Asciutto;Asfaltata;Assente;Sereno;Normale;Sufficiente;Sufficiente;0;0;0;1;;;-1;1;Motociclo a solo;In marcia / fermata / arresto;Conducente;M;Illeso;0;;Non accertato;Inesistente
1956106;20;07/10/2013 12:30;Strada Urbana;VIA ACHILLE LORIA;in prossimità;;del civico n. ;21;;Scontro laterale fra veicoli in marcia;Rettilineo;Una carreggiata a senso unico di marcia;Asciutto;Asfaltata;Verticale ed orizzontale;Nuvoloso;Scarso;Buona;Ore Diurne;1;0;0;2;;;-1;1;Autovettura privata;In marcia / fermata / arresto;Conducente;M;Illeso;0;;Non accertato;Inesploso
1956106;20;07/10/2013 12:30;Strada Urbana;VIA ACHILLE LORIA;in prossimità;;del civico n. ;21;;Scontro laterale fra veicoli in marcia;Rettilineo;Una carreggiata a senso unico di marcia;Asciutto;Asfaltata;Verticale ed orizzontale;Nuvoloso;Scarso;Buona;Ore Diurne;1;0;0;2;;;-1;1;Autovettura privata;In marcia / fermata / arresto;Passeggero;M;Illeso;0;;Non accertato;Inesploso
1956106;20;07/10/2013 12:30;Strada Urbana;VIA ACHILLE LORIA;in prossimità;;del civico n. ;21;;Scontro laterale fra veicoli in marcia;Rettilineo;Una carreggiata a senso unico di marcia;Asciutto;Asfaltata;Verticale ed orizzontale;Nuvoloso;Scarso;Buona;Ore Diurne;1;0;0;2;;;-1;2;Motociclo a solo;In marcia / fermata / arresto;Conducente;M;Rifiuta cure immediate;0;NON DECEDUTO;Non accertato;Inesistente
1956107;20;07/10/2013 16:20;Strada Urbana;VIADOTTO GIUBILEO DEL 2000;da specificare;;;;in prossimita dello svincolo Tiberina direz. Riano;Veicolo in marcia contro ostacolo fisso;Curva a visuale libera;Due carreggiate;Bagnato (pioggia);Asfaltata;Verticale ed orizzontale;Nuvoloso;Normale;Buona;Ore Diurne;0;0;0;1;;;-1;1;Autovettura privata;In marcia / fermata / arresto;Conducente;M;Illeso;0;;Non accertato;Esploso
1956108;20;07/10/2013 18:30;Statale entro l'abitato;VIA CASSIA;in prossimità;;del civico n. ;901;;Tamponamento;Rettilineo;Una carreggiata a doppio senso;Bagnato (pioggia);Asfaltata;Verticale ed orizzontale;Nuvoloso;Intenso;Sufficiente;Ore Diurne;1;0;0;1;;;-1;1;Autovettura privata;In marcia / fermata / arresto;Conducente;M;Rimandato;0;NON DECEDUTO;Non accertato;Esploso
1956108;20;07/10/2013 18:30;Statale entro l'abitato;VIA CASSIA;in prossimità;;del civico n. ;901;;Tamponamento;Rettilineo;Una carreggiata a doppio senso;Bagnato (pioggia);Asfaltata;Verticale ed orizzontale;Nuvoloso;Intenso;Sufficiente;Ore Diurne;1;0;0;1;;;-1;2;Autovettura privata;In marcia / fermata / arresto;Conducente;M;Illeso;0;;Non accertato;Inesploso
1956109;17;07/10/2013 07:00;Strada Urbana;LUNGOTEVERE MICHELANGELO;da specificare;;;;SOTTOPASSO;Scontro laterale fra veicoli in marcia;Sottopasso illuminato;Una carreggiata a senso unico di marcia;Asciutto;Asfaltata;Verticale ed orizzontale;Sereno;Normale;Buona;Ore Diurne;0;0;0;4;;;-1;1;Autovettura privata;In marcia / fermata / arresto;Conducente;F;Illeso;0;;Non accertato;Inesploso
1956109;17;07/10/2013 07:00;Strada Urbana;LUNGOTEVERE MICHELANGELO;da specificare;;;;SOTTOPASSO;Scontro laterale fra veicoli in marcia;Sottopasso illuminato;Una carreggiata a senso unico di marcia;Asciutto;Asfaltata;Verticale ed orizzontale;Sereno;Normale;Buona;Ore Diurne;0;0;0;4;;;-1;1;Autovettura privata;In marcia / fermata / arresto;Passeggero;F;Illeso;0;;Non accertato;Inesploso
1956109;17;07/10/2013 07:00;Strada Urbana;LUNGOTEVERE MICHELANGELO;da specificare;;;;SOTTOPASSO;Scontro laterale fra veicoli in marcia;Sottopasso illuminato;Una carreggiata a senso unico di marcia;Asciutto;Asfaltata;Verticale ed orizzontale;Sereno;Normale;Buona;Ore Diurne;0;0;0;4;;;-1;1;Autovettura privata;In marcia / fermata / arresto;Passeggero;F;Illeso;0;;Non accertato;Inesploso
1956109;17;07/10/2013 07:00;Strada Urbana;LUNGOTEVERE MICHELANGELO;da specificare;;;;SOTTOPASSO;Scontro laterale fra veicoli in marcia;Sottopasso illuminato;Una carreggiata a senso unico di marcia;Asciutto;Asfaltata;Verticale ed orizzontale;Sereno;Normale;Buona;Ore Diurne;0;0;0;4;;;-1;2;Autovettura privata;In marcia / fermata / arresto;Conducente;M;Illeso;0;;Non accertato;Inesploso
1956110;18;06/10/2013 13:30;Strada Urbana;VIA GIACINTO DE VECCHI PIERALICE;in corrispondenza;;del civico n. ;1;;Veicolo in marcia contro veicolo in sosta;Rettilineo;Una carreggiata a doppio senso;Asciutto;Asfaltata;Verticale ed orizzontale;Sereno;Scarso;Buona;Ore Diurne;0;0;0;2;;;-1;1;Autovettura privata;In marcia / fermata / arresto;Conducente;M;Illeso;0;;Non accertato;Inesploso
1956110;18;06/10/2013 13:30;Strada Urbana;VIA GIACINTO DE VECCHI PIERALICE;in corrispondenza;;del civico n. ;1;;Veicolo in marcia contro veicolo in sosta;Rettilineo;Una carreggiata a doppio senso;Asciutto;Asfaltata;Verticale ed orizzontale;Sereno;Scarso;Buona;Ore Diurne;0;0;0;2;;;-1;1;Autovettura privata;In marcia / fermata / arresto;Passeggero;M;Illeso;0;;Non accertato;Inesploso
1956111;17;07/10/2013 14:25;Strada Urbana;VIALE DELLE MILIZIE;all'intersezione con;VIA SIMONE DE SAINT BON;VIA SIMONE DE SAINT BON;;;Veicolo in marcia contro veicolo fermo;Incrocio;Più di due carreggiate;Bagnato (pioggia);Asfaltata;Verticale ed orizzontale;Nuvoloso;Normale;Buona;Ore Diurne;2;0;0;1;;;-1;1;Autovettura privata;In marcia / fermata / arresto;Conducente;M;Illeso;0;;Non accertato;Inesploso
1956111;17;07/10/2013 14:25;Strada Urbana;VIALE DELLE MILIZIE;all'intersezione con;VIA SIMONE DE SAINT BON;VIA SIMONE DE SAINT BON;;;Veicolo in marcia contro veicolo fermo;Incrocio;Più di due carreggiate;Bagnato (pioggia);Asfaltata;Verticale ed orizzontale;Nuvoloso;Normale;Buona;Ore Diurne;2;0;0;1;;;-1;2;Motociclo con passeggero;In marcia / fermata / arresto;Conducente;M;Rimandato;0;NON DECEDUTO;Non accertato;Inesistente
1956111;17;07/10/2013 14:25;Strada Urbana;VIALE DELLE MILIZIE;all'intersezione con;VIA SIMONE DE SAINT BON;VIA SIMONE DE SAINT BON;;;Veicolo in marcia contro veicolo fermo;Incrocio;Più di due carreggiate;Bagnato (pioggia);Asfaltata;Verticale ed orizzontale;Nuvoloso;Normale;Buona;Ore Diurne;2;0;0;1;;;-1;2;Motociclo con passeggero;In marcia / fermata / arresto;Passeggero;F;Rimandato;0;NON DECEDUTO;Non accertato;Inesistente
1956112;17;07/10/2013 16:00;Strada Urbana;VIA POMPEO MAGNO;all'intersezione con;VIA EZIO;VIA EZIO;;;Scontro frontale/laterale SX fra veicoli in marcia;Incrocio;Una carreggiata a senso unico di marcia;Bagnato (pioggia);Asfaltata;Verticale ed orizzontale;Nuvoloso;Scarso;Buona;Ore Diurne;0;0;0;2;;;-1;1;Autovettura pubblica;In marcia / fermata / arresto;Conducente;M;Illeso;0;;Non accertato;Inesploso
1956112;17;07/10/2013 16:00;Strada Urbana;VIA POMPEO MAGNO;all'intersezione con;VIA EZIO;VIA EZIO;;;Scontro frontale/laterale SX fra veicoli in marcia;Incrocio;Una carreggiata a senso unico di marcia;Bagnato (pioggia);Asfaltata;Verticale ed orizzontale;Nuvoloso;Scarso;Buona;Ore Diurne;0;0;0;2;;;-1;2;Autovettura privata;In marcia / fermata / arresto;Conducente;F;Illeso;0;;Non accertato;Inesploso
1956113;20;07/10/2013 11:00;Statale entro l'abitato;VIA FLAMINIA NUOVA;in corrispondenza;;del civico n. ;295;;Tamponamento Multiplo;Rettilineo;Una carreggiata a doppio senso;Asciutto;Asfaltata;Orizzontale;Sereno;Normale;Buona;Ore Diurne;0;0;0;5;;;-1;1;Autovettura privata;In marcia / fermata / arresto;Conducente;F;Illeso;0;;Utilizzato;Inesploso
1956113;20;07/10/2013 11:00;Statale entro l'abitato;VIA FLAMINIA NUOVA;in corrispondenza;;del civico n. ;295;;Tamponamento Multiplo;Rettilineo;Una carreggiata a doppio senso;Asciutto;Asfaltata;Orizzontale;Sereno;Normale;Buona;Ore Diurne;0;0;0;5;;;-1;2;Autovettura privata;In marcia / fermata / arresto;Conducente;M;Illeso;0;;Utilizzato;Inesploso
1956113;20;07/10/2013 11:00;Statale entro l'abitato;VIA FLAMINIA NUOVA;in corrispondenza;;del civico n. ;295;;Tamponamento Multiplo;Rettilineo;Una carreggiata a doppio senso;Asciutto;Asfaltata;Orizzontale;Sereno;Normale;Buona;Ore Diurne;0;0;0;5;;;-1;3;Autovettura privata;In marcia / fermata / arresto;Conducente;F;Illeso;0;;Utilizzato;Inesploso
1956113;20;07/10/2013 11:00;Statale entro l'abitato;VIA FLAMINIA NUOVA;in corrispondenza;;del civico n. ;295;;Tamponamento Multiplo;Rettilineo;Una carreggiata a doppio senso;Asciutto;Asfaltata;Orizzontale;Sereno;Normale;Buona;Ore Diurne;0;0;0;5;;;-1;4;Autovettura privata;In marcia / fermata / arresto;Conducente;M;Illeso;0;;Utilizzato;Esploso
1956113;20;07/10/2013 11:00;Statale entro l'abitato;VIA FLAMINIA NUOVA;in corrispondenza;;del civico n. ;295;;Tamponamento Multiplo;Rettilineo;Una carreggiata a doppio senso;Asciutto;Asfaltata;Orizzontale;Sereno;Normale;Buona;Ore Diurne;0;0;0;5;;;-1;4;Autovettura privata;In marcia / fermata / arresto;Passeggero;F;Illeso;0;;Utilizzato;Esploso
1956114;17;07/10/2013 08:10;Strada Urbana;VIA GIOVANNI NICOTERA;all'intersezione con;VIA CIRO MENOTTI;VIA CIRO MENOTTI;;;Scontro frontale/laterale SX fra veicoli in marcia;Intersezione stradale segnalata;Una carreggiata a doppio senso;Asciutto;Asfaltata;Verticale ed orizzontale;Sereno;Normale;Buona;Ore Diurne;1;0;0;2;;;-1;1;Autovettura privata;In marcia / fermata / arresto;Conducente;F;Illeso;0;;Non accertato;Esploso
1956114;17;07/10/2013 08:10;Strada Urbana;VIA GIOVANNI NICOTERA;all'intersezione con;VIA CIRO MENOTTI;VIA CIRO MENOTTI;;;Scontro frontale/laterale SX fra veicoli in marcia;Intersezione stradale segnalata;Una carreggiata a doppio senso;Asciutto;Asfaltata;Verticale ed orizzontale;Sereno;Normale;Buona;Ore Diurne;1;0;0;2;;;-1;1;Autovettura privata;In marcia / fermata / arresto;Passeggero;F;Illeso;0;;Non accertato;Inesploso
1956114;17;07/10/2013 08:10;Strada Urbana;VIA GIOVANNI NICOTERA;all'intersezione con;VIA CIRO MENOTTI;VIA CIRO MENOTTI;;;Scontro frontale/laterale SX fra veicoli in marcia;Intersezione stradale segnalata;Una carreggiata a doppio senso;Asciutto;Asfaltata;Verticale ed orizzontale;Sereno;Normale;Buona;Ore Diurne;1;0;0;2;;;-1;2;Motociclo a solo;In marcia / fermata / arresto;Conducente;M;Rimandato;0;NON DECEDUTO;Non accertato;Inesistente
1956115;12;06/10/2013 07:20;Strada Urbana;VIADOTTO DELLA MAGLIANA;da specificare;;;;direzione Fiumicino alt. ponte sul Tevere;Scontro laterale fra veicoli in marcia;Curva senza visuale libera;Due carreggiate;Bagnato (umidità in atto);Asfaltata;Verticale ed orizzontale;Nuvoloso;Scarso;Buona;Ore Diurne;1;0;0;6;;;-1;1;Autovettura pubblica;In marcia / fermata / arresto;Passeggero;F;Illeso;0;;Utilizzato;Inesistente
1956115;12;06/10/2013 07:20;Strada Urbana;VIADOTTO DELLA MAGLIANA;da specificare;;;;direzione Fiumicino alt. ponte sul Tevere;Scontro laterale fra veicoli in marcia;Curva senza visuale libera;Due carreggiate;Bagnato (umidità in atto);Asfaltata;Verticale ed orizzontale;Nuvoloso;Scarso;Buona;Ore Diurne;1;0;0;6;;;-1;1;Autovettura pubblica;In marcia / fermata / arresto;Passeggero;M;Illeso;0;;Utilizzato;Inesistente
1956115;12;06/10/2013 07:20;Strada Urbana;VIADOTTO DELLA MAGLIANA;da specificare;;;;direzione Fiumicino alt. ponte sul Tevere;Scontro laterale fra veicoli in marcia;Curva senza visuale libera;Due carreggiate;Bagnato (umidità in atto);Asfaltata;Verticale ed orizzontale;Nuvoloso;Scarso;Buona;Ore Diurne;1;0;0;6;;;-1;1;Autovettura pubblica;In marcia / fermata / arresto;Conducente;M;Illeso;0;;Utilizzato;Inesploso
1956115;12;06/10/2013 07:20;Strada Urbana;VIADOTTO DELLA MAGLIANA;da specificare;;;;direzione Fiumicino alt. ponte sul Tevere;Scontro laterale fra veicoli in marcia;Curva senza visuale libera;Due carreggiate;Bagnato (umidità in atto);Asfaltata;Verticale ed orizzontale;Nuvoloso;Scarso;Buona;Ore Diurne;1;0;0;6;;;-1;1;Autovettura pubblica;In marcia / fermata / arresto;Passeggero;M;Illeso;0;;Utilizzato;Inesploso
1956115;12;06/10/2013 07:20;Strada Urbana;VIADOTTO DELLA MAGLIANA;da specificare;;;;direzione Fiumicino alt. ponte sul Tevere;Scontro laterale fra veicoli in marcia;Curva senza visuale libera;Due carreggiate;Bagnato (umidità in atto);Asfaltata;Verticale ed orizzontale;Nuvoloso;Scarso;Buona;Ore Diurne;1;0;0;6;;;-1;1;Autovettura pubblica;In marcia / fermata / arresto;Passeggero;M;Illeso;0;;Utilizzato;Inesistente
1956115;12;06/10/2013 07:20;Strada Urbana;VIADOTTO DELLA MAGLIANA;da specificare;;;;direzione Fiumicino alt. ponte sul Tevere;Scontro laterale fra veicoli in marcia;Curva senza visuale libera;Due carreggiate;Bagnato (umidità in atto);Asfaltata;Verticale ed orizzontale;Nuvoloso;Scarso;Buona;Ore Diurne;1;0;0;6;;;-1;2;Autovettura privata;In marcia / fermata / arresto;Conducente;F;Ricoverato;0;NON DECEDUTO;Non accertato;Inesistente
1956115;12;06/10/2013 07:20;Strada Urbana;VIADOTTO DELLA MAGLIANA;da specificare;;;;direzione Fiumicino alt. ponte sul Tevere;Scontro laterale fra veicoli in marcia;Curva senza visuale libera;Due carreggiate;Bagnato (umidità in atto);Asfaltata;Verticale ed orizzontale;Nuvoloso;Scarso;Buona;Ore Diurne;1;0;0;6;;;-1;3;Autovettura privata;In marcia / fermata / arresto;Conducente;F;Illeso;0;;Utilizzato;Inesistente
1956116;18;07/10/2013 15:55;Strada Urbana;VIA GREGORIO XIII;in corrispondenza;;del civico n. ;46;;Scontro laterale fra veicoli in marcia;Rettilineo;Una carreggiata a doppio senso;Asciutto;Asfaltata;Verticale;Nuvoloso;Scarso;Buona;Ore Diurne;0;0;0;2;;;-1;1;Autovettura privata;In marcia / fermata / arresto;Conducente;M;Illeso;0;;Non accertato;Inesploso
1956116;18;07/10/2013 15:55;Strada Urbana;VIA GREGORIO XIII;in corrispondenza;;del civico n. ;46;;Scontro laterale fra veicoli in marcia;Rettilineo;Una carreggiata a doppio senso;Asciutto;Asfaltata;Verticale;Nuvoloso;Scarso;Buona;Ore Diurne;0;0;0;2;;;-1;2;Autovettura privata;In marcia / fermata / arresto;Conducente;F;Illeso;0;;Non accertato;Inesploso
1956117;4;07/10/2013 12:45;Strada Urbana;VIA CONCA D'ORO;in corrispondenza;;del civico n. ;128;;Infortunio per caduta del veicolo;Rettilineo;Una carreggiata a senso unico di marcia;Bagnato (pioggia);Asfaltata;Verticale ed orizzontale;Nuvoloso;Normale;Buona;Ore Diurne;1;0;0;1;;;-1;1;Motociclo con passeggero;In marcia / fermata / arresto;Conducente;M;Illeso;0;;Non accertato;Inesistente
1956117;4;07/10/2013 12:45;Strada Urbana;VIA CONCA D'ORO;in corrispondenza;;del civico n. ;128;;Infortunio per caduta del veicolo;Rettilineo;Una carreggiata a senso unico di marcia;Bagnato (pioggia);Asfaltata;Verticale ed orizzontale;Nuvoloso;Normale;Buona;Ore Diurne;1;0;0;1;;;-1;1;Motociclo con passeggero;In marcia / fermata / arresto;Passeggero;F;Rimandato;0;NON DECEDUTO;Non accertato;Inesistente
1956118;20;07/10/2013 18:10;Statale entro l'abitato;VIA FLAMINIA;in prossimità;;della chilometrica ;16,3;;Scontro frontale/laterale SX fra veicoli in marcia;Rettilineo;Una carreggiata a doppio senso;Bagnato (umidità in atto);Asfaltata;Orizzontale;Nuvoloso;Normale;Sufficiente;Ore Diurne;0;0;0;3;;;-1;1;Autovettura privata;In marcia / fermata / arresto;Conducente;M;Illeso;0;;Non accertato;Inesistente
1956118;20;07/10/2013 18:10;Statale entro l'abitato;VIA FLAMINIA;in prossimità;;della chilometrica ;16,3;;Scontro frontale/laterale SX fra veicoli in marcia;Rettilineo;Una carreggiata a doppio senso;Bagnato (umidità in atto);Asfaltata;Orizzontale;Nuvoloso;Normale;Sufficiente;Ore Diurne;0;0;0;3;;;-1;1;Autovettura privata;In marcia / fermata / arresto;Passeggero;F;Illeso;0;;Non accertato;Inesistente
1956118;20;07/10/2013 18:10;Statale entro l'abitato;VIA FLAMINIA;in prossimità;;della chilometrica ;16,3;;Scontro frontale/laterale SX fra veicoli in marcia;Rettilineo;Una carreggiata a doppio senso;Bagnato (umidità in atto);Asfaltata;Orizzontale;Nuvoloso;Normale;Sufficiente;Ore Diurne;0;0;0;3;;;-1;2;Motociclo a solo;In marcia / fermata / arresto;Conducente;M;Illeso;0;;Non accertato;Inesistente
1956119;1;07/10/2013 09:20;Strada Urbana;VIA ODDONE DI CLUNY;all'intersezione con;PIAZZA DEI SERVILI;PIAZZA DEI SERVILI;;;Scontro frontale/laterale SX fra veicoli in marcia;Intersezione stradale segnalata;Una carreggiata a senso unico di marcia;Asciutto;Asfaltata;Verticale ed orizzontale;Nuvoloso;Scarso;Buona;Ore Diurne;0;0;0;3;;;-1;1;Autovettura privata;In marcia / fermata / arresto;Conducente;M;Illeso;0;;Non accertato;Inesistente
1956119;1;07/10/2013 09:20;Strada Urbana;VIA ODDONE DI CLUNY;all'intersezione con;PIAZZA DEI SERVILI;PIAZZA DEI SERVILI;;;Scontro frontale/laterale SX fra veicoli in marcia;Intersezione stradale segnalata;Una carreggiata a senso unico di marcia;Asciutto;Asfaltata;Verticale ed orizzontale;Nuvoloso;Scarso;Buona;Ore Diurne;0;0;0;3;;;-1;2;Autovettura privata;In marcia / fermata / arresto;Conducente;F;Illeso;0;;Non accertato;Inesistente
1956119;1;07/10/2013 09:20;Strada Urbana;VIA ODDONE DI CLUNY;all'intersezione con;PIAZZA DEI SERVILI;PIAZZA DEI SERVILI;;;Scontro frontale/laterale SX fra veicoli in marcia;Intersezione stradale segnalata;Una carreggiata a senso unico di marcia;Asciutto;Asfaltata;Verticale ed orizzontale;Nuvoloso;Scarso;Buona;Ore Diurne;0;0;0;3;;;-1;2;Autovettura privata;In marcia / fermata / arresto;Passeggero;F;Illeso;0;;Non accertato;Inesistente