Protocollo;Gruppo;DataOraIncidente;Localizzazione1;STRADA1;Localizzazione2;STRADA2;Strada02;Chilometrica;DaSpecificare;NaturaIncidente;particolaritastrade;TipoStrada;FondoStradale;Pavimentazione;Segnaletica;CondizioneAtmosferica;Traffico;Visibilita;Illuminazione;NUM_FERITI;NUM_RISERVATA;NUM_MORTI;NUM_ILLESI;Longitudine;Latitudine;Confermato;Progressivo;TipoVeicolo;StatoVeicolo;TipoPersona;Sesso;Tipolesione;Deceduto;DecedutoDopo;CinturaCascoUtilizzato;Airbag
1956561;10;12/10/2013 23:30;Strada Urbana;VIA TUSCOLANA;all'intersezione semaforizzata con;VIA VALERIO PUBLICOLA;VIA VALERIO PUBLICOLA;;;Scontro frontale/laterale SX fra veicoli in marcia;Incrocio;Due carreggiate;Asciutto;Asfaltata;Verticale ed orizzontale;Sereno;Normale;Buona;Sufficiente;2;0;0;2;;;-1;1;Motociclo a solo;In marcia / fermata / arresto;Conducente;M;Rimandato;0;NON DECEDUTO;Non accertato;Inesploso
1956561;10;12/10/2013 23:30;Strada Urbana;VIA TUSCOLANA;all'intersezione semaforizzata con;VIA VALERIO PUBLICOLA;VIA VALERIO PUBLICOLA;;;Scontro frontale/laterale SX fra veicoli in marcia;Incrocio;Due carreggiate;Asciutto;Asfaltata;Verticale ed orizzontale;Sereno;Normale;Buona;Sufficiente;2;0;0;2;;;-1;1;Motociclo a solo;In marcia / fermata / arresto;Passeggero;F;Rimandato;0;NON DECEDUTO;Non accertato;Inesistente
1956561;10;12/10/2013 23:30;Strada Urbana;VIA TUSCOLANA;all'intersezione semaforizzata con;VIA VALERIO PUBLICOLA;VIA VALERIO PUBLICOLA;;;Scontro frontale/laterale SX fra veicoli in marcia;Incrocio;Due carreggiate;Asciutto;Asfaltata;Verticale ed orizzontale;Sereno;Normale;Buona;Sufficiente;2;0;0;2;;;-1;2;Autovettura privata;In marcia / fermata / arresto;Conducente;M;Illeso;0;;Non accertato;Inesploso
1956561;10;12/10/2013 23:30;Strada Urbana;VIA TUSCOLANA;all'intersezione semaforizzata con;VIA VALERIO PUBLICOLA;VIA VALERIO PUBLICOLA;;;Scontro frontale/laterale SX fra veicoli in marcia;Incrocio;Due carreggiate;Asciutto;Asfaltata;Verticale ed orizzontale;Sereno;Normale;Buona;Sufficiente;2;0;0;2;;;-1;2;Autovettura privata;In marcia / fermata / arresto;Passeggero;F;Illeso;0;;Non accertato;Inesploso
1956562;10;13/10/2013 00:30;Strada Urbana;VIA DEI SETTE METRI;all'intersezione con;VIA DELLA MARRANELLA DI MARINO;VIA DELLA MARRANELLA DI MARINO;;;Scontro frontale/laterale DX fra veicoli in marcia;Incrocio;Una carreggiata a senso unico di marcia;Asciutto;Asfaltata;Verticale ed orizzontale;Sereno;Normale;Sufficiente;Sufficiente;1;0;0;1;;;-1;1;Autovettura privata;In marcia / fermata / arresto;Conducente;M;Illeso;0;;Non accertato;Esploso
1956562;10;13/10/2013 00:30;Strada Urbana;VIA DEI SETTE METRI;all'intersezione con;VIA DELLA MARRANELLA DI MARINO;VIA DELLA MARRANELLA DI MARINO;;;Scontro frontale/laterale DX fra veicoli in marcia;Incrocio;Una carreggiata a senso unico di marcia;Asciutto;Asfaltata;Verticale ed orizzontale;Sereno;Normale;Sufficiente;Sufficiente;1;0;0;1;;;-1;2;Autovettura privata;In marcia / fermata / arresto;Conducente;M;Rimandato;0;NON DECEDUTO;Non accertato;Inesistente
1956563;19;13/10/2013 16:15;Strada Urbana;VIA DI CASAL DEL MARMO;all'intersezione con;LARGO CODOGNO;LARGO CODOGNO;;;Scontro frontale/laterale DX fra veicoli in marcia;Intersezione stradale segnalata;Una carreggiata a doppio senso;Asciutto;Asfaltata;Verticale;Sereno;Scarso;Buona;Ore Diurne;0;0;0;4;;;-1;1;Autovettura privata;In marcia / fermata / arresto;Conducente;M;Illeso;0;;Non accertato;Inesistente
1956563;19;13/10/2013 16:15;Strada Urbana;VIA DI CASAL DEL MARMO;all'intersezione con;LARGO CODOGNO;LARGO CODOGNO;;;Scontro frontale/laterale DX fra veicoli in marcia;Intersezione stradale segnalata;Una carreggiata a doppio senso;Asciutto;Asfaltata;Verticale;Sereno;Scarso;Buona;Ore Diurne;0;0;0;4;;;-1;2;Autovettura privata;In marcia / fermata / arresto;Conducente;F;Illeso;0;;Non accertato;Inesistente
1956563;19;13/10/2013 16:15;Strada Urbana;VIA DI CASAL DEL MARMO;all'intersezione con;LARGO CODOGNO;LARGO CODOGNO;;;Scontro frontale/laterale DX fra veicoli in marcia;Intersezione stradale segnalata;Una carreggiata a doppio senso;Asciutto;Asfaltata;Verticale;Sereno;Scarso;Buona;Ore Diurne;0;0;0;4;;;-1;2;Autovettura privata;In marcia / fermata / arresto;Passeggero;F;Illeso;0;;Non accertato;Inesistente
1956563;19;13/10/2013 16:15;Strada Urbana;VIA DI CASAL DEL MARMO;all'intersezione con;LARGO CODOGNO;LARGO CODOGNO;;;Scontro frontale/laterale DX fra veicoli in marcia;Intersezione stradale segnalata;Una carreggiata a doppio senso;Asciutto;Asfaltata;Verticale;Sereno;Scarso;Buona;Ore Diurne;0;0;0;4;;;-1;2;Autovettura privata;In marcia / fermata / arresto;Passeggero;M;Illeso;0;;Non accertato;Inesistente
1956564;19;12/10/2013 21:15;Strada Urbana;VIA TRIONFALE;da specificare;;;;altezza Vicolo Quarticciolo Trionfale;Scontro frontale fra veicoli in marcia;Rettilineo;Una carreggiata a doppio senso;Asciutto;Asfaltata;Orizzontale;Sereno;Normale;Buona;Sufficiente;0;0;0;2;;;-1;1;Ciclomotore;In marcia / fermata / arresto;Conducente;M;Illeso;0;;Non accertato;Inesistente
1956564;19;12/10/2013 21:15;Strada Urbana;VIA TRIONFALE;da specificare;;;;altezza Vicolo Quarticciolo Trionfale;Scontro frontale fra veicoli in marcia;Rettilineo;Una carreggiata a doppio senso;Asciutto;Asfaltata;Orizzontale;Sereno;Normale;Buona;Sufficiente;0;0;0;2;;;-1;2;Ciclomotore;In marcia / fermata / arresto;Conducente;M;Illeso;0;;Non accertato;Inesistente
1956565;5;11/10/2013 20:50;Strada Urbana;VIA EMANUELE CIACERI;in corrispondenza;;del civico n. ;35;;Scontro frontale/laterale DX fra veicoli in marcia;Rettilineo;Una carreggiata a doppio senso;Asciutto;Asfaltata;Assente;Sereno;Normale;Sufficiente;Sufficiente;0;0;0;3;;;-1;1;Autovettura privata;In marcia / fermata / arresto;Passeggero;F;Illeso;0;;Non accertato;Inesistente
1956565;5;11/10/2013 20:50;Strada Urbana;VIA EMANUELE CIACERI;in corrispondenza;;del civico n. ;35;;Scontro frontale/laterale DX fra veicoli in marcia;Rettilineo;Una carreggiata a doppio senso;Asciutto;Asfaltata;Assente;Sereno;Normale;Sufficiente;Sufficiente;0;0;0;3;;;-1;1;Autovettura privata;In marcia / fermata / arresto;Conducente;M;Illeso;0;;Non accertato;Inesistente
1956565;5;11/10/2013 20:50;Strada Urbana;VIA EMANUELE CIACERI;in corrispondenza;;del civico n. ;35;;Scontro frontale/laterale DX fra veicoli in marcia;Rettilineo;Una carreggiata a doppio senso;Asciutto;Asfaltata;Assente;Sereno;Normale;Sufficiente;Sufficiente;0;0;0;3;;;-1;2;Autovettura privata;In marcia / fermata / arresto;Conducente;M;Illeso;0;;Non accertato;Inesistente
1956566;5;12/10/2013 19:40;Strada Urbana;VIA DEI CRISPOLTI;in corrispondenza;;del civico n. ;13;;Veicolo in marcia contro veicolo fermo;Rettilineo;Due carreggiate;Asciutto;Asfaltata;Orizzontale;Sereno;Scarso;Sufficiente;Sufficiente;0;0;0;6;;;-1;1;Autovettura privata;In marcia / fermata / arresto;Conducente;F;Illeso;0;;Non accertato;Inesistente
1956566;5;12/10/2013 19:40;Strada Urbana;VIA DEI CRISPOLTI;in corrispondenza;;del civico n. ;13;;Veicolo in marcia contro veicolo fermo;Rettilineo;Due carreggiate;Asciutto;Asfaltata;Orizzontale;Sereno;Scarso;Sufficiente;Sufficiente;0;0;0;6;;;-1;1;Autovettura privata;In marcia / fermata / arresto;Passeggero;F;Illeso;0;;Non accertato;Inesistente
1956566;5;12/10/2013 19:40;Strada Urbana;VIA DEI CRISPOLTI;in corrispondenza;;del civico n. ;13;;Veicolo in marcia contro veicolo fermo;Rettilineo;Due carreggiate;Asciutto;Asfaltata;Orizzontale;Sereno;Scarso;Sufficiente;Sufficiente;0;0;0;6;;;-1;1;Autovettura privata;In marcia / fermata / arresto;Passeggero;F;Illeso;0;;Non accertato;Inesistente
1956566;5;12/10/2013 19:40;Strada Urbana;VIA DEI CRISPOLTI;in corrispondenza;;del civico n. ;13;;Veicolo in marcia contro veicolo fermo;Rettilineo;Due carreggiate;Asciutto;Asfaltata;Orizzontale;Sereno;Scarso;Sufficiente;Sufficiente;0;0;0;6;;;-1;2;Autovettura privata;In marcia / fermata / arresto;Conducente;F;Illeso;0;;Non accertato;Inesistente
1956566;5;12/10/2013 19:40;Strada Urbana;VIA DEI CRISPOLTI;in corrispondenza;;del civico n. ;13;;Veicolo in marcia contro veicolo fermo;Rettilineo;Due carreggiate;Asciutto;Asfaltata;Orizzontale;Sereno;Scarso;Sufficiente;Sufficiente;0;0;0;6;;;-1;2;Autovettura privata;In marcia / fermata / arresto;Passeggero;F;Illeso;0;;Non accertato;Inesistente
1956566;5;12/10/2013 19:40;Strada Urbana;VIA DEI CRISPOLTI;in corrispondenza;;del civico n. ;13;;Veicolo in marcia contro veicolo fermo;Rettilineo;Due carreggiate;Asciutto;Asfaltata;Orizzontale;Sereno;Scarso;Sufficiente;Sufficiente;0;0;0;6;;;-1;2;Autovettura privata;In marcia / fermata / arresto;Passeggero;F;Illeso;0;;Non accertato;Inesistente
1956567;19;13/10/2013 15:15;Strada Urbana;VIA ENRICO PESTALOZZI;in prossimità;;del civico n. ;20;;Scontro laterale fra veicoli in marcia;Rettilineo;Una carreggiata a senso unico di marcia;Asciutto;Asfaltata;Verticale ed orizzontale;Sereno;Intenso;Buona;Ore Diurne;2;0;0;4;;;-1;1;Autovettura privata;In marcia / fermata / arresto;Conducente;M;Illeso;0;;Non accertato;Inesistente
1956567;19;13/10/2013 15:15;Strada Urbana;VIA ENRICO PESTALOZZI;in prossimità;;del civico n. ;20;;Scontro laterale fra veicoli in marcia;Rettilineo;Una carreggiata a senso unico di marcia;Asciutto;Asfaltata;Verticale ed orizzontale;Sereno;Intenso;Buona;Ore Diurne;2;0;0;4;;;-1;1;Autovettura privata;In marcia / fermata / arresto;Passeggero;F;Illeso;0;;Non accertato;Inesistente
1956567;19;13/10/2013 15:15;Strada Urbana;VIA ENRICO PESTALOZZI;in prossimità;;del civico n. ;20;;Scontro laterale fra veicoli in marcia;Rettilineo;Una carreggiata a senso unico di marcia;Asciutto;Asfaltata;Verticale ed orizzontale;Sereno;Intenso;Buona;Ore Diurne;2;0;0;4;;;-1;1;Autovettura privata;In marcia / fermata / arresto;Passeggero;F;Illeso;0;;Non accertato;Inesistente
1956567;19;13/10/2013 15:15;Strada Urbana;VIA ENRICO PESTALOZZI;in prossimità;;del civico n. ;20;;Scontro laterale fra veicoli in marcia;Rettilineo;Una carreggiata a senso unico di marcia;Asciutto;Asfaltata;Verticale ed orizzontale;Sereno;Intenso;Buona;Ore Diurne;2;0;0;4;;;-1;2;Autovettura privata;In marcia / fermata / arresto;Conducente;M;Rimandato;0;NON DECEDUTO;Non accertato;Inesistente
1956567;19;13/10/2013 15:15;Strada Urbana;VIA ENRICO PESTALOZZI;in prossimità;;del civico n. ;20;;Scontro laterale fra veicoli in marcia;Rettilineo;Una carreggiata a senso unico di marcia;Asciutto;Asfaltata;Verticale ed orizzontale;Sereno;Intenso;Buona;Ore Diurne;2;0;0;4;;;-1;2;Autovettura privata;In marcia / fermata / arresto;Passeggero;F;Rimandato;0;NON DECEDUTO;Non accertato;Inesistente
1956568;5;13/10/2013 01:28;Strada Urbana;VIA TIBURTINA;in prossimità;;del civico n. ;1490;;Scontro laterale fra veicoli in marcia;Rettilineo;Una carreggiata a doppio senso;Asciutto;Asfaltata;Orizzontale;Sereno;Normale;Sufficiente;Sufficiente;1;0;0;1;;;-1;1;Autovettura privata;In marcia / fermata / arresto;Conducente;F;Rimandato;0;NON DECEDUTO;Non accertato;Inesistente
1956568;5;13/10/2013 01:28;Strada Urbana;VIA TIBURTINA;in prossimità;;del civico n. ;1490;;Scontro laterale fra veicoli in marcia;Rettilineo;Una carreggiata a doppio senso;Asciutto;Asfaltata;Orizzontale;Sereno;Normale;Sufficiente;Sufficiente;1;0;0;1;;;-1;2;Autovettura privata;In marcia / fermata / arresto;Conducente;M;Illeso;0;;Non accertato;Inesistente
1956569;10;11/10/2013 21:45;Strada Urbana;VIA DI TOR VERGATA;all'intersezione con;VIALE LUIGI SCHIAVONETTI;VIALE LUIGI SCHIAVONETTI;;;Ribaltamento senza urto contro ostacolo fisso;Rotatoria;Una carreggiata a senso unico di marcia;Asciutto;Asfaltata;Verticale ed orizzontale;Nuvoloso;Normale;Insufficiente;Insufficiente;2;0;0;0;;;-1;1;Autovettura privata;In marcia / fermata / arresto;Conducente;M;Ricoverato;0;NON DECEDUTO;Non accertato;Inesistente
1956569;10;11/10/2013 21:45;Strada Urbana;VIA DI TOR VERGATA;all'intersezione con;VIALE LUIGI SCHIAVONETTI;VIALE LUIGI SCHIAVONETTI;;;Ribaltamento senza urto contro ostacolo fisso;Rotatoria;Una carreggiata a senso unico di marcia;Asciutto;Asfaltata;Verticale ed orizzontale;Nuvoloso;Normale;Insufficiente;Insufficiente;2;0;0;0;;;-1;1;Autovettura privata;In marcia / fermata / arresto;Passeggero;M;Ricoverato;0;NON DECEDUTO;Non accertato;Inesistente
1956570;4;12/10/2013 16:00;Strada Urbana;VIA VIRGILIO TALLI;da specificare;;;;in corrispondenza di Via G. Martino;Tamponamento;Curva a visuale libera;Due carreggiate;Asciutto;Asfaltata;Verticale ed orizzontale;Sereno;Normale;Buona;Ore Diurne;1;0;0;1;;;-1;1;Autovettura privata;In marcia / fermata / arresto;Conducente;M;Illeso;0;;Non accertato;Inesploso
1956570;4;12/10/2013 16:00;Strada Urbana;VIA VIRGILIO TALLI;da specificare;;;;in corrispondenza di Via G. Martino;Tamponamento;Curva a visuale libera;Due carreggiate;Asciutto;Asfaltata;Verticale ed orizzontale;Sereno;Normale;Buona;Ore Diurne;1;0;0;1;;;-1;2;Autovettura privata;In marcia / fermata / arresto;Conducente;M;Rimandato;0;NON DECEDUTO;Non accertato;Inesistente
1956571;5;13/10/2013 16:15;Strada Urbana;VIA DELLE CAVE DI PIETRALATA;all'intersezione con;VIA FILIPPO MEDA;VIA FILIPPO MEDA;;;Scontro laterale fra veicoli in marcia;Incrocio;Una carreggiata a doppio senso;Asciutto;Asfaltata;Verticale ed orizzontale;Sereno;Scarso;Buona;Ore Diurne;1;0;0;4;;;-1;1;Autovettura privata;In marcia / fermata / arresto;Conducente;M;Illeso;0;;Non accertato;Inesistente
1956571;5;13/10/2013 16:15;Strada Urbana;VIA DELLE CAVE DI PIETRALATA;all'intersezione con;VIA FILIPPO MEDA;VIA FILIPPO MEDA;;;Scontro laterale fra veicoli in marcia;Incrocio;Una carreggiata a doppio senso;Asciutto;Asfaltata;Verticale ed orizzontale;Sereno;Scarso;Buona;Ore Diurne;1;0;0;4;;;-1;1;Autovettura privata;In marcia / fermata / arresto;Passeggero;F;Illeso;0;;Non accertato;Inesistente
1956571;5;13/10/2013 16:15;Strada Urbana;VIA DELLE CAVE DI PIETRALATA;all'intersezione con;VIA FILIPPO MEDA;VIA FILIPPO MEDA;;;Scontro laterale fra veicoli in marcia;Incrocio;Una carreggiata a doppio senso;Asciutto;Asfaltata;Verticale ed orizzontale;Sereno;Scarso;Buona;Ore Diurne;1;0;0;4;;;-1;1;Autovettura privata;In marcia / fermata / arresto;Passeggero;M;Illeso;0;;Non accertato;Inesistente
1956571;5;13/10/2013 16:15;Strada Urbana;VIA DELLE CAVE DI PIETRALATA;all'intersezione con;VIA FILIPPO MEDA;VIA FILIPPO MEDA;;;Scontro laterale fra veicoli in marcia;Incrocio;Una carreggiata a doppio senso;Asciutto;Asfaltata;Verticale ed orizzontale;Sereno;Scarso;Buona;Ore Diurne;1;0;0;4;;;-1;1;Autovettura privata;In marcia / fermata / arresto;Passeggero;F;Illeso;0;;Non accertato;Inesploso
1956571;5;13/10/2013 16:15;Strada Urbana;VIA DELLE CAVE DI PIETRALATA;all'intersezione con;VIA FILIPPO MEDA;VIA FILIPPO MEDA;;;Scontro laterale fra veicoli in marcia;Incrocio;Una carreggiata a doppio senso;Asciutto;Asfaltata;Verticale ed orizzontale;Sereno;Scarso;Buona;Ore Diurne;1;0;0;4;;;-1;2;Motociclo a solo;In marcia / fermata / arresto;Conducente;M;Rimandato;0;NON DECEDUTO;Non accertato;Inesistente
1956572;10;12/10/2013 03:00;Strada Urbana;VIA APPIA ANTICA;all'intersezione con;VIA APPIA PIGNATELLI;VIA APPIA PIGNATELLI;;;Scontro laterale fra veicoli in marcia;Intersezione stradale segnalata;Una carreggiata a doppio senso;Asciutto;In cubetti di porfido;Verticale ed orizzontale;Sereno;Scarso;Buona;Sufficiente;1;0;0;4;;;-1;1;Autovettura privata;In marcia / fermata / arresto;Conducente;M;Rimandato;0;NON DECEDUTO;Non accertato;Esploso
1956572;10;12/10/2013 03:00;Strada Urbana;VIA APPIA ANTICA;all'intersezione con;VIA APPIA PIGNATELLI;VIA APPIA PIGNATELLI;;;Scontro laterale fra veicoli in marcia;Intersezione stradale segnalata;Una carreggiata a doppio senso;Asciutto;In cubetti di porfido;Verticale ed orizzontale;Sereno;Scarso;Buona;Sufficiente;1;0;0;4;;;-1;1;Autovettura privata;In marcia / fermata / arresto;Passeggero;M;Illeso;0;;Non accertato;Inesistente
1956572;10;12/10/2013 03:00;Strada Urbana;VIA APPIA ANTICA;all'intersezione con;VIA APPIA PIGNATELLI;VIA APPIA PIGNATELLI;;;Scontro laterale fra veicoli in marcia;Intersezione stradale segnalata;Una carreggiata a doppio senso;Asciutto;In cubetti di porfido;Verticale ed orizzontale;Sereno;Scarso;Buona;Sufficiente;1;0;0;4;;;-1;1;Autovettura privata;In marcia / fermata / arresto;Passeggero;M;Illeso;0;;Non accertato;Inesistente
1956572;10;12/10/2013 03:00;Strada Urbana;VIA APPIA ANTICA;all'intersezione con;VIA APPIA PIGNATELLI;VIA APPIA PIGNATELLI;;;Scontro laterale fra veicoli in marcia;Intersezione stradale segnalata;Una carreggiata a doppio senso;Asciutto;In cubetti di porfido;Verticale ed orizzontale;Sereno;Scarso;Buona;Sufficiente;1;0;0;4;;;-1;2;Autovettura privata;In marcia / fermata / arresto;Conducente;M;Illeso;0;;Non accertato;Inesistente
1956572;10;12/10/2013 03:00;Strada Urbana;VIA APPIA ANTICA;all'intersezione con;VIA APPIA PIGNATELLI;VIA APPIA PIGNATELLI;;;Scontro laterale fra veicoli in marcia;Intersezione stradale segnalata;Una carreggiata a doppio senso;Asciutto;In cubetti di porfido;Verticale ed orizzontale;Sereno;Scarso;Buona;Sufficiente;1;0;0;4;;;-1;2;Autovettura privata;In marcia / fermata / arresto;Passeggero;F;Illeso;0;;Non accertato;Inesistente
1956573;19;13/10/2013 19:05;Strada Urbana;VIA ALESSIO ASCALESI;in prossimità;;del civico n. ;18/19;;Scontro frontale fra veicoli in marcia;Rettilineo;Una carreggiata a senso unico di marcia;Asciutto;Asfaltata;Assente;Sereno;Scarso;Buona;Sufficiente;0;0;0;2;;;-1;1;Autovettura privata;In marcia / fermata / arresto;Conducente;F;Illeso;0;;Non accertato;Inesistente
1956573;19;13/10/2013 19:05;Strada Urbana;VIA ALESSIO ASCALESI;in prossimità;;del civico n. ;18/19;;Scontro frontale fra veicoli in marcia;Rettilineo;Una carreggiata a senso unico di marcia;Asciutto;Asfaltata;Assente;Sereno;Scarso;Buona;Sufficiente;0;0;0;2;;;-1;2;Autovettura privata;In marcia / fermata / arresto;Conducente;M;Illeso;0;;Non accertato;Inesistente
1956574;10;13/10/2013 05:00;Strada Urbana;VIA APPIA NUOVA;in corrispondenza;;del civico n. ;656;;Veicoli in marcia contro veicolo fermo;Rettilineo;Due carreggiate;Asciutto;Asfaltata;Verticale ed orizzontale;Sereno;Scarso;Buona;Sufficiente;0;0;0;2;;;-1;1;Autovettura privata;In marcia / fermata / arresto;Conducente;F;Illeso;0;;Non accertato;Inesploso
1956574;10;13/10/2013 05:00;Strada Urbana;VIA APPIA NUOVA;in corrispondenza;;del civico n. ;656;;Veicoli in marcia contro veicolo fermo;Rettilineo;Due carreggiate;Asciutto;Asfaltata;Verticale ed orizzontale;Sereno;Scarso;Buona;Sufficiente;0;0;0;2;;;-1;1;Autovettura privata;In marcia / fermata / arresto;Passeggero;F;Illeso;0;;Non accertato;Inesploso
1956575;13;12/10/2013 23:15;Strada Urbana;VIA PINDARO;all'intersezione con;VIA SENOFANE;VIA SENOFANE;;;Scontro frontale/laterale SX fra veicoli in marcia;Intersezione semaforizzata;Una carreggiata a doppio senso;Asciutto;Asfaltata;Verticale ed orizzontale;Sereno;Scarso;Sufficiente;Sufficiente;1;0;0;1;;;-1;1;Autovettura privata;In marcia / fermata / arresto;Conducente;M;Illeso;0;;Non accertato;Esploso
1956575;13;12/10/2013 23:15;Strada Urbana;VIA PINDARO;all'intersezione con;VIA SENOFANE;VIA SENOFANE;;;Scontro frontale/laterale SX fra veicoli in marcia;Intersezione semaforizzata;Una carreggiata a doppio senso;Asciutto;Asfaltata;Verticale ed orizzontale;Sereno;Scarso;Sufficiente;Sufficiente;1;0;0;1;;;-1;2;Autovettura privata;In marcia / fermata / arresto;Conducente;F;Rimandato;0;NON DECEDUTO;Non accertato;Inesistente
1956576;10;13/10/2013 09:30;Strada Urbana;VIA APPIA NUOVA;all'intersezione semaforizzata con;VIA ACERENZA;VIA ACERENZA;;;Scontro frontale/laterale DX fra veicoli in marcia;Intersezione semaforizzata;Due carreggiate;Asciutto;Asfaltata;Verticale ed orizzontale;Sereno;Normale;Buona;Ore Diurne;1;0;0;1;;;-1;1;Ciclomotore;In marcia / fermata / arresto;Conducente;M;Rimandato;0;NON DECEDUTO;Non accertato;Inesploso
1956576;10;13/10/2013 09:30;Strada Urbana;VIA APPIA NUOVA;all'intersezione semaforizzata con;VIA ACERENZA;VIA ACERENZA;;;Scontro frontale/laterale DX fra veicoli in marcia;Intersezione semaforizzata;Due carreggiate;Asciutto;Asfaltata;Verticale ed orizzontale;Sereno;Normale;Buona;Ore Diurne;1;0;0;1;;;-1;2;Autovettura privata;In marcia / fermata / arresto;Conducente;M;Illeso;0;;Non accertato;Inesistente
1956577;10;12/10/2013 12:20;Strada Urbana;VIA VITTORIO RAGUSA;da specificare;;;;200 mt oltre G.R.A. rampa esterna;Veicolo in marcia contro veicolo fermo;Rettilineo;Una carreggiata a senso unico di marcia;Asciutto;Asfaltata;Orizzontale;Sereno;Scarso;Buona;Ore Diurne;0;0;0;4;;;-1;1;Autovettura privata;In marcia / fermata / arresto;Conducente;M;Illeso;0;;Non accertato;Inesploso
1956577;10;12/10/2013 12:20;Strada Urbana;VIA VITTORIO RAGUSA;da specificare;;;;200 mt oltre G.R.A. rampa esterna;Veicolo in marcia contro veicolo fermo;Rettilineo;Una carreggiata a senso unico di marcia;Asciutto;Asfaltata;Orizzontale;Sereno;Scarso;Buona;Ore Diurne;0;0;0;4;;;-1;1;Autovettura privata;In marcia / fermata / arresto;Passeggero;M;Illeso;0;;Non accertato;Inesploso
1956577;10;12/10/2013 12:20;Strada Urbana;VIA VITTORIO RAGUSA;da specificare;;;;200 mt oltre G.R.A. rampa esterna;Veicolo in marcia contro veicolo fermo;Rettilineo;Una carreggiata a senso unico di marcia;Asciutto;Asfaltata;Orizzontale;Sereno;Scarso;Buona;Ore Diurne;0;0;0;4;;;-1;2;Autovettura privata;In marcia / fermata / arresto;Conducente;M;Illeso;0;;Non accertato;Inesploso
1956577;10;12/10/2013 12:20;Strada Urbana;VIA VITTORIO RAGUSA;da specificare;;;;200 mt oltre G.R.A. rampa esterna;Veicolo in marcia contro veicolo fermo;Rettilineo;Una carreggiata a senso unico di marcia;Asciutto;Asfaltata;Orizzontale;Sereno;Scarso;Buona;Ore Diurne;0;0;0;4;;;-1;2;Autovettura privata;In marcia / fermata / arresto;Passeggero;M;Illeso;0;;Non accertato;Inesploso
1956578;4;12/10/2013 09:35;Strada Urbana;VIA DELLA BUFALOTTA;all'intersezione semaforizzata con;VIA DI CASAL BOCCONE;VIA DI CASAL BOCCONE;;;Scontro frontale/laterale DX fra veicoli in marcia;Intersezione semaforizzata;Una carreggiata a doppio senso;Asciutto;Asfaltata;Verticale ed orizzontale;Nuvoloso;Normale;Sufficiente;Ore Diurne;1;0;0;2;;;-1;1;Autocarro inferiore 35 q.;In marcia / fermata / arresto;Conducente;M;Illeso;0;;Non accertato;Inesploso
1956578;4;12/10/2013 09:35;Strada Urbana;VIA DELLA BUFALOTTA;all'intersezione semaforizzata con;VIA DI CASAL BOCCONE;VIA DI CASAL BOCCONE;;;Scontro frontale/laterale DX fra veicoli in marcia;Intersezione semaforizzata;Una carreggiata a doppio senso;Asciutto;Asfaltata;Verticale ed orizzontale;Nuvoloso;Normale;Sufficiente;Ore Diurne;1;0;0;2;;;-1;1;Autocarro inferiore 35 q.;In marcia / fermata / arresto;Passeggero;M;Illeso;0;;Non accertato;Inesploso
1956578;4;12/10/2013 09:35;Strada Urbana;VIA DELLA BUFALOTTA;all'intersezione semaforizzata con;VIA DI CASAL BOCCONE;VIA DI CASAL BOCCONE;;;Scontro frontale/laterale DX fra veicoli in marcia;Intersezione semaforizzata;Una carreggiata a doppio senso;Asciutto;Asfaltata;Verticale ed orizzontale;Nuvoloso;Normale;Sufficiente;Ore Diurne;1;0;0;2;;;-1;2;Autovettura privata;In marcia / fermata / arresto;Conducente;F;Rimandato;0;NON DECEDUTO;Non accertato;Inesploso
1956579;2;11/10/2013 10:30;Strada Urbana;VIA HOMS;da specificare;;;;corrispondenza civico 12 (strada privata);Tamponamento;Rettilineo;Una carreggiata a senso unico di marcia;Asciutto;Asfaltata;Assente;Nuvoloso;Scarso;Buona;Ore Diurne;0;0;0;1;;;-1;2;Autovettura privata;In marcia / fermata / arresto;Conducente;F;Illeso;0;;Non accertato;Inesistente
1956580;5;13/10/2013 11:40;Strada Urbana;VIALE DELLA SERENISSIMA;da specificare;;;;corrispondenza via G.A. Andriulli;Tamponamento;Rettilineo;Due carreggiate;Asciutto;Asfaltata;Verticale ed orizzontale;Sereno;Normale;Buona;Ore Diurne;1;0;0;1;;;-1;1;Autovettura privata;In marcia / fermata / arresto;Conducente;M;Illeso;0;;Non accertato;Inesistente
1956580;5;13/10/2013 11:40;Strada Urbana;VIALE DELLA SERENISSIMA;da specificare;;;;corrispondenza via G.A. Andriulli;Tamponamento;Rettilineo;Due carreggiate;Asciutto;Asfaltata;Verticale ed orizzontale;Sereno;Normale;Buona;Ore Diurne;1;0;0;1;;;-1;2;Autovettura privata;In marcia / fermata / arresto;Conducente;F;Rimandato;0;NON DECEDUTO;Non accertato;Inesistente
1956581;4;12/10/2013 14:30;Strada Urbana;VIA JACOPO SANNAZZARO;in prossimità;;del civico n. ;76;;Veicolo in marcia contro veicolo arresto;Rettilineo;Due carreggiate;Asciutto;Asfaltata;Assente;Sereno;Normale;Buona;Ore Diurne;0;0;0;1;;;-1;1;Autocarro inferiore 35 q.;In marcia / fermata / arresto;Conducente;M;Illeso;0;;Non accertato;Inesistente