Protocollo;Gruppo;DataOraIncidente;Localizzazione1;STRADA1;Localizzazione2;STRADA2;Strada02;Chilometrica;DaSpecificare;NaturaIncidente;particolaritastrade;TipoStrada;FondoStradale;Pavimentazione;Segnaletica;CondizioneAtmosferica;Traffico;Visibilita;Illuminazione;NUM_FERITI;NUM_RISERVATA;NUM_MORTI;NUM_ILLESI;Longitudine;Latitudine;Confermato;Progressivo;TipoVeicolo;StatoVeicolo;TipoPersona;Sesso;Tipolesione;Deceduto;DecedutoDopo;CinturaCascoUtilizzato;Airbag
1957236;13;20/10/2013 01:00;Strada Urbana;VIALE DELLE REPUBBLICHE MARINARE;all'intersezione con;CORSO DUCA DI GENOVA;CORSO DUCA DI GENOVA;;;Scontro frontale/laterale SX fra veicoli in marcia;Incrocio;Due carreggiate;Asciutto;Asfaltata;Verticale ed orizzontale;Sereno;Scarso;Buona;Sufficiente;0;0;0;3;;;-1;2;Autovettura privata;In marcia / fermata / arresto;Conducente;M;Illeso;0;;Non accertato;Inesploso
1957237;13;20/10/2013 05:30;Statale;VIA OSTIENSE;da specificare;;;;ALT. VIA PAVULLO NEL FRIGNANO;Ribaltamento senza urto contro ostacolo fisso;Rettilineo;Una carreggiata a doppio senso;Asciutto;Asfaltata;Orizzontale;Sereno;Scarso;Sufficiente;Sufficiente;1;0;0;0;;;-1;1;Autovettura privata;In marcia / fermata / arresto;Conducente;M;Rimandato;0;NON DECEDUTO;Non accertato;Inesploso
1957238;19;20/10/2013 18:30;Strada Urbana;VIA ENRICO PESTALOZZI;in prossimità;;del civico n. ;12;;Scontro frontale fra veicoli in marcia;Rettilineo;Una carreggiata a senso unico di marcia;Asciutto;Asfaltata;Orizzontale;Sereno;Normale;Buona;Sufficiente;1;0;0;1;;;-1;1;Autovettura privata;In marcia / fermata / arresto;Conducente;F;Illeso;0;;Non accertato;Inesistente
1957238;19;20/10/2013 18:30;Strada Urbana;VIA ENRICO PESTALOZZI;in prossimità;;del civico n. ;12;;Scontro frontale fra veicoli in marcia;Rettilineo;Una carreggiata a senso unico di marcia;Asciutto;Asfaltata;Orizzontale;Sereno;Normale;Buona;Sufficiente;1;0;0;1;;;-1;2;Velocipede;In marcia / fermata / arresto;Conducente;M;Rimandato;0;NON DECEDUTO;;Inesistente
1957239;1;20/10/2013 01:30;Strada Urbana;VIA DI S. GREGORIO;all'intersezione semaforizzata con;PIAZZA DI PORTA CAPENA;PIAZZA DI PORTA CAPENA;;;Scontro frontale/laterale DX fra veicoli in marcia;Intersezione semaforizzata;Una carreggiata a doppio senso;Asciutto;Asfaltata;Verticale ed orizzontale;Sereno;Scarso;Buona;Sufficiente;2;0;0;2;;;-1;1;Autovettura privata;In marcia / fermata / arresto;Conducente;F;Illeso;0;;Non accertato;Inesistente
1957239;1;20/10/2013 01:30;Strada Urbana;VIA DI S. GREGORIO;all'intersezione semaforizzata con;PIAZZA DI PORTA CAPENA;PIAZZA DI PORTA CAPENA;;;Scontro frontale/laterale DX fra veicoli in marcia;Intersezione semaforizzata;Una carreggiata a doppio senso;Asciutto;Asfaltata;Verticale ed orizzontale;Sereno;Scarso;Buona;Sufficiente;2;0;0;2;;;-1;1;Autovettura privata;In marcia / fermata / arresto;Passeggero;F;Illeso;0;;Non accertato;Inesistente
1957239;1;20/10/2013 01:30;Strada Urbana;VIA DI S. GREGORIO;all'intersezione semaforizzata con;PIAZZA DI PORTA CAPENA;PIAZZA DI PORTA CAPENA;;;Scontro frontale/laterale DX fra veicoli in marcia;Intersezione semaforizzata;Una carreggiata a doppio senso;Asciutto;Asfaltata;Verticale ed orizzontale;Sereno;Scarso;Buona;Sufficiente;2;0;0;2;;;-1;2;Motociclo con passeggero;In marcia / fermata / arresto;Conducente;F;Rimandato;0;NON DECEDUTO;Non accertato;Inesistente
1957239;1;20/10/2013 01:30;Strada Urbana;VIA DI S. GREGORIO;all'intersezione semaforizzata con;PIAZZA DI PORTA CAPENA;PIAZZA DI PORTA CAPENA;;;Scontro frontale/laterale DX fra veicoli in marcia;Intersezione semaforizzata;Una carreggiata a doppio senso;Asciutto;Asfaltata;Verticale ed orizzontale;Sereno;Scarso;Buona;Sufficiente;2;0;0;2;;;-1;2;Motociclo con passeggero;In marcia / fermata / arresto;Passeggero;F;Rimandato;0;NON DECEDUTO;Non accertato;
1957240;19;20/10/2013 22:15;Strada Urbana;VIA CASSIA;in prossimità;;del civico n. ;340;;Tamponamento;Curva a visuale libera;Una carreggiata a doppio senso;Asciutto;Asfaltata;Verticale ed orizzontale;Sereno;Scarso;Buona;Sufficiente;1;0;0;2;;;-1;1;Autovettura privata;In marcia / fermata / arresto;Conducente;M;Illeso;0;;Non accertato;Inesistente
1957240;19;20/10/2013 22:15;Strada Urbana;VIA CASSIA;in prossimità;;del civico n. ;340;;Tamponamento;Curva a visuale libera;Una carreggiata a doppio senso;Asciutto;Asfaltata;Verticale ed orizzontale;Sereno;Scarso;Buona;Sufficiente;1;0;0;2;;;-1;2;Ciclomotore;In marcia / fermata / arresto;Conducente;F;Illeso;0;;;Inesistente
1957240;19;20/10/2013 22:15;Strada Urbana;VIA CASSIA;in prossimità;;del civico n. ;340;;Tamponamento;Curva a visuale libera;Una carreggiata a doppio senso;Asciutto;Asfaltata;Verticale ed orizzontale;Sereno;Scarso;Buona;Sufficiente;1;0;0;2;;;-1;2;Ciclomotore;In marcia / fermata / arresto;Passeggero;F;Rimandato;0;NON DECEDUTO;;Inesistente
1957241;12;20/10/2013 01:45;Strada Urbana;VIALE DEL PATTINAGGIO;da specificare;;;;prox. viadotto della Magliana;Scontro frontale/laterale DX fra veicoli in marcia;Rettilineo;Una carreggiata a senso unico di marcia;Asciutto;Asfaltata;Verticale ed orizzontale;Sereno;Scarso;Sufficiente;Sufficiente;0;0;0;4;;;-1;1;Autovettura privata;In marcia / fermata / arresto;Conducente;M;Illeso;0;;Utilizzato;Inesploso
1957241;12;20/10/2013 01:45;Strada Urbana;VIALE DEL PATTINAGGIO;da specificare;;;;prox. viadotto della Magliana;Scontro frontale/laterale DX fra veicoli in marcia;Rettilineo;Una carreggiata a senso unico di marcia;Asciutto;Asfaltata;Verticale ed orizzontale;Sereno;Scarso;Sufficiente;Sufficiente;0;0;0;4;;;-1;2;Autovettura privata;In marcia / fermata / arresto;Conducente;F;Illeso;0;;Utilizzato;Inesploso
1957241;12;20/10/2013 01:45;Strada Urbana;VIALE DEL PATTINAGGIO;da specificare;;;;prox. viadotto della Magliana;Scontro frontale/laterale DX fra veicoli in marcia;Rettilineo;Una carreggiata a senso unico di marcia;Asciutto;Asfaltata;Verticale ed orizzontale;Sereno;Scarso;Sufficiente;Sufficiente;0;0;0;4;;;-1;2;Autovettura privata;In marcia / fermata / arresto;Passeggero;M;Illeso;0;;Utilizzato;Inesploso
1957241;12;20/10/2013 01:45;Strada Urbana;VIALE DEL PATTINAGGIO;da specificare;;;;prox. viadotto della Magliana;Scontro frontale/laterale DX fra veicoli in marcia;Rettilineo;Una carreggiata a senso unico di marcia;Asciutto;Asfaltata;Verticale ed orizzontale;Sereno;Scarso;Sufficiente;Sufficiente;0;0;0;4;;;-1;2;Autovettura privata;In marcia / fermata / arresto;Passeggero;F;Illeso;0;;Utilizzato;Inesistente
1957243;16;20/10/2013 18:50;Strada Urbana;VIALE DI TRASTEVERE;all'intersezione semaforizzata con;VIA CARLO PORTA;VIA CARLO PORTA;;;Scontro frontale/laterale DX fra veicoli in marcia;Incrocio;Più di due carreggiate;Asciutto;Asfaltata;Verticale ed orizzontale;Nuvoloso;Normale;Sufficiente;Sufficiente;1;0;0;1;;;-1;1;Autovettura privata;In marcia / fermata / arresto;Conducente;M;Illeso;0;;Non accertato;Inesploso
1957243;16;20/10/2013 18:50;Strada Urbana;VIALE DI TRASTEVERE;all'intersezione semaforizzata con;VIA CARLO PORTA;VIA CARLO PORTA;;;Scontro frontale/laterale DX fra veicoli in marcia;Incrocio;Più di due carreggiate;Asciutto;Asfaltata;Verticale ed orizzontale;Nuvoloso;Normale;Sufficiente;Sufficiente;1;0;0;1;;;-1;2;Motociclo a solo;In marcia / fermata / arresto;Conducente;M;Rimandato;0;NON DECEDUTO;Non accertato;Inesistente
1957244;2;18/10/2013 23:50;Strada Urbana;LUNGOTEVERE ARNALDO DA BRESCIA;da specificare;;;;altezza sottopasso;Scontro laterale fra veicoli in marcia;Galleria illuminata;Una carreggiata a senso unico di marcia;Asciutto;Asfaltata;Orizzontale;Sereno;Normale;Sufficiente;Sufficiente;0;0;0;3;;;-1;1;Autovettura privata;In marcia / fermata / arresto;Conducente;M;Illeso;0;;Non accertato;Inesistente
1957244;2;18/10/2013 23:50;Strada Urbana;LUNGOTEVERE ARNALDO DA BRESCIA;da specificare;;;;altezza sottopasso;Scontro laterale fra veicoli in marcia;Galleria illuminata;Una carreggiata a senso unico di marcia;Asciutto;Asfaltata;Orizzontale;Sereno;Normale;Sufficiente;Sufficiente;0;0;0;3;;;-1;1;Autovettura privata;In marcia / fermata / arresto;Passeggero;F;Illeso;0;;Non accertato;Inesistente
1957244;2;18/10/2013 23:50;Strada Urbana;LUNGOTEVERE ARNALDO DA BRESCIA;da specificare;;;;altezza sottopasso;Scontro laterale fra veicoli in marcia;Galleria illuminata;Una carreggiata a senso unico di marcia;Asciutto;Asfaltata;Orizzontale;Sereno;Normale;Sufficiente;Sufficiente;0;0;0;3;;;-1;2;Autovettura privata;In marcia / fermata / arresto;Conducente;F;Illeso;0;;Non accertato;Inesistente
1957245;13;20/10/2013 10:00;Strada Urbana;VIA PIETRO ROSA;all'intersezione con;VIALE DELLA PINETA DI OSTIA;VIALE DELLA PINETA DI OSTIA;;;Scontro laterale fra veicoli in marcia;Incrocio;Una carreggiata a doppio senso;Asciutto;Asfaltata;Verticale ed orizzontale;Sereno;Normale;Buona;Ore Diurne;2;0;0;4;;;-1;1;Autovettura privata;In marcia / fermata / arresto;Conducente;M;Rimandato;0;NON DECEDUTO;Non accertato;Inesploso
1957245;13;20/10/2013 10:00;Strada Urbana;VIA PIETRO ROSA;all'intersezione con;VIALE DELLA PINETA DI OSTIA;VIALE DELLA PINETA DI OSTIA;;;Scontro laterale fra veicoli in marcia;Incrocio;Una carreggiata a doppio senso;Asciutto;Asfaltata;Verticale ed orizzontale;Sereno;Normale;Buona;Ore Diurne;2;0;0;4;;;-1;1;Autovettura privata;In marcia / fermata / arresto;Passeggero;F;Rimandato;0;NON DECEDUTO;Non accertato;Inesploso
1957245;13;20/10/2013 10:00;Strada Urbana;VIA PIETRO ROSA;all'intersezione con;VIALE DELLA PINETA DI OSTIA;VIALE DELLA PINETA DI OSTIA;;;Scontro laterale fra veicoli in marcia;Incrocio;Una carreggiata a doppio senso;Asciutto;Asfaltata;Verticale ed orizzontale;Sereno;Normale;Buona;Ore Diurne;2;0;0;4;;;-1;1;Autovettura privata;In marcia / fermata / arresto;Passeggero;M;Illeso;0;;Non accertato;Inesploso
1957245;13;20/10/2013 10:00;Strada Urbana;VIA PIETRO ROSA;all'intersezione con;VIALE DELLA PINETA DI OSTIA;VIALE DELLA PINETA DI OSTIA;;;Scontro laterale fra veicoli in marcia;Incrocio;Una carreggiata a doppio senso;Asciutto;Asfaltata;Verticale ed orizzontale;Sereno;Normale;Buona;Ore Diurne;2;0;0;4;;;-1;2;Autovettura privata;In marcia / fermata / arresto;Conducente;M;Illeso;0;;Non accertato;Inesploso
1957245;13;20/10/2013 10:00;Strada Urbana;VIA PIETRO ROSA;all'intersezione con;VIALE DELLA PINETA DI OSTIA;VIALE DELLA PINETA DI OSTIA;;;Scontro laterale fra veicoli in marcia;Incrocio;Una carreggiata a doppio senso;Asciutto;Asfaltata;Verticale ed orizzontale;Sereno;Normale;Buona;Ore Diurne;2;0;0;4;;;-1;3;Autovettura privata;In marcia / fermata / arresto;Conducente;M;Illeso;0;;Non accertato;Inesploso
1957245;13;20/10/2013 10:00;Strada Urbana;VIA PIETRO ROSA;all'intersezione con;VIALE DELLA PINETA DI OSTIA;VIALE DELLA PINETA DI OSTIA;;;Scontro laterale fra veicoli in marcia;Incrocio;Una carreggiata a doppio senso;Asciutto;Asfaltata;Verticale ed orizzontale;Sereno;Normale;Buona;Ore Diurne;2;0;0;4;;;-1;3;Autovettura privata;In marcia / fermata / arresto;Passeggero;M;Illeso;0;;Non accertato;Inesploso
1957246;7;18/10/2013 10:50;Strada Urbana;VIALE PALMIRO TOGLIATTI;in corrispondenza;;del civico n. ;545;;Scontro laterale fra veicoli in marcia;Rettilineo;Due carreggiate;Asciutto;Asfaltata;Verticale ed orizzontale;Sereno;Normale;Buona;Ore Diurne;0;0;0;4;;;-1;1;Autovettura privata;In marcia / fermata / arresto;Passeggero;M;Illeso;0;;Non accertato;Inesistente
1957246;7;18/10/2013 10:50;Strada Urbana;VIALE PALMIRO TOGLIATTI;in corrispondenza;;del civico n. ;545;;Scontro laterale fra veicoli in marcia;Rettilineo;Due carreggiate;Asciutto;Asfaltata;Verticale ed orizzontale;Sereno;Normale;Buona;Ore Diurne;0;0;0;4;;;-1;1;Autovettura privata;In marcia / fermata / arresto;Passeggero;M;Illeso;0;;Non accertato;Inesistente
1957246;7;18/10/2013 10:50;Strada Urbana;VIALE PALMIRO TOGLIATTI;in corrispondenza;;del civico n. ;545;;Scontro laterale fra veicoli in marcia;Rettilineo;Due carreggiate;Asciutto;Asfaltata;Verticale ed orizzontale;Sereno;Normale;Buona;Ore Diurne;0;0;0;4;;;-1;1;Autovettura privata;In marcia / fermata / arresto;Conducente;M;Illeso;0;;Non accertato;Inesistente
1957246;7;18/10/2013 10:50;Strada Urbana;VIALE PALMIRO TOGLIATTI;in corrispondenza;;del civico n. ;545;;Scontro laterale fra veicoli in marcia;Rettilineo;Due carreggiate;Asciutto;Asfaltata;Verticale ed orizzontale;Sereno;Normale;Buona;Ore Diurne;0;0;0;4;;;-1;2;Autocarro inferiore 35 q.;In marcia / fermata / arresto;Conducente;M;Illeso;0;;Non accertato;Inesploso
1957247;1;20/10/2013 00:35;Strada Urbana;VIA VITTORIO EMANUELE ORLANDO;in corrispondenza;;del civico n.;79;;Tamponamento;Rettilineo;Una carreggiata a senso unico di marcia;Asciutto;In cubetti di porfido;Verticale ed orizzontale;Sereno;Normale;Buona;Sufficiente;0;0;0;3;12.49518;41.90356;-1;1;Autovettura privata;In marcia / fermata / arresto;Conducente;F;Illeso;0;;Non accertato;
1957247;1;20/10/2013 00:35;Strada Urbana;VIA VITTORIO EMANUELE ORLANDO;in corrispondenza;;del civico n.;79;;Tamponamento;Rettilineo;Una carreggiata a senso unico di marcia;Asciutto;In cubetti di porfido;Verticale ed orizzontale;Sereno;Normale;Buona;Sufficiente;0;0;0;3;12.49518;41.90356;-1;2;Autovettura privata;In marcia / fermata / arresto;Conducente;M;Illeso;0;;Non accertato;
1957247;1;20/10/2013 00:35;Strada Urbana;VIA VITTORIO EMANUELE ORLANDO;in corrispondenza;;del civico n.;79;;Tamponamento;Rettilineo;Una carreggiata a senso unico di marcia;Asciutto;In cubetti di porfido;Verticale ed orizzontale;Sereno;Normale;Buona;Sufficiente;0;0;0;3;12.49518;41.90356;-1;2;Autovettura privata;In marcia / fermata / arresto;Passeggero;F;Illeso;0;;Non accertato;
1957248;20;20/10/2013 12:00;Regionale entro l'abitato;VIADOTTO GIUBILEO DEL 2000;da specificare;;;;alt. rampa immissione da Via Tiberina direzione RM;Tamponamento Multiplo;Rettilineo;Una carreggiata a senso unico di marcia;Asciutto;Asfaltata;Verticale ed orizzontale;Sereno;Normale;Buona;Ore Diurne;3;0;0;2;12.49505;42.00093;-1;1;Autovettura privata;In marcia / fermata / arresto;Conducente;M;Rimandato;0;NON DECEDUTO;Non accertato;Inesploso
1957248;20;20/10/2013 12:00;Regionale entro l'abitato;VIADOTTO GIUBILEO DEL 2000;da specificare;;;;alt. rampa immissione da Via Tiberina direzione RM;Tamponamento Multiplo;Rettilineo;Una carreggiata a senso unico di marcia;Asciutto;Asfaltata;Verticale ed orizzontale;Sereno;Normale;Buona;Ore Diurne;3;0;0;2;12.49505;42.00093;-1;1;Autovettura privata;In marcia / fermata / arresto;Passeggero;M;Illeso;0;;Non accertato;Inesploso
1957248;20;20/10/2013 12:00;Regionale entro l'abitato;VIADOTTO GIUBILEO DEL 2000;da specificare;;;;alt. rampa immissione da Via Tiberina direzione RM;Tamponamento Multiplo;Rettilineo;Una carreggiata a senso unico di marcia;Asciutto;Asfaltata;Verticale ed orizzontale;Sereno;Normale;Buona;Ore Diurne;3;0;0;2;12.49505;42.00093;-1;2;Autovettura privata;In marcia / fermata / arresto;Conducente;M;Illeso;0;;Non accertato;Inesistente
1957248;20;20/10/2013 12:00;Regionale entro l'abitato;VIADOTTO GIUBILEO DEL 2000;da specificare;;;;alt. rampa immissione da Via Tiberina direzione RM;Tamponamento Multiplo;Rettilineo;Una carreggiata a senso unico di marcia;Asciutto;Asfaltata;Verticale ed orizzontale;Sereno;Normale;Buona;Ore Diurne;3;0;0;2;12.49505;42.00093;-1;3;Autovettura privata;In marcia / fermata / arresto;Conducente;M;Rimandato;0;NON DECEDUTO;Non accertato;Inesistente
1957248;20;20/10/2013 12:00;Regionale entro l'abitato;VIADOTTO GIUBILEO DEL 2000;da specificare;;;;alt. rampa immissione da Via Tiberina direzione RM;Tamponamento Multiplo;Rettilineo;Una carreggiata a senso unico di marcia;Asciutto;Asfaltata;Verticale ed orizzontale;Sereno;Normale;Buona;Ore Diurne;3;0;0;2;12.49505;42.00093;-1;3;Autovettura privata;In marcia / fermata / arresto;Passeggero;M;Rifiuta cure immediate;0;NON DECEDUTO;Non accertato;Inesistente
1957249;18;21/10/2013 08:00;Strada Urbana;VIA DI BOCCEA;da specificare;;;;prossimità intersezione Via del Quartaccio;Investimento di pedone;Rettilineo;Una carreggiata a senso unico di marcia;Asciutto;Asfaltata;Verticale ed orizzontale;Sereno;Normale;Buona;Ore Diurne;2;0;0;1;;;-1;;;;Pedone;F;Rimandato;0;NON DECEDUTO;;
1957249;18;21/10/2013 08:00;Strada Urbana;VIA DI BOCCEA;da specificare;;;;prossimità intersezione Via del Quartaccio;Investimento di pedone;Rettilineo;Una carreggiata a senso unico di marcia;Asciutto;Asfaltata;Verticale ed orizzontale;Sereno;Normale;Buona;Ore Diurne;2;0;0;1;;;-1;;;;Pedone;M;Rimandato;0;NON DECEDUTO;;
1957249;18;21/10/2013 08:00;Strada Urbana;VIA DI BOCCEA;da specificare;;;;prossimità intersezione Via del Quartaccio;Investimento di pedone;Rettilineo;Una carreggiata a senso unico di marcia;Asciutto;Asfaltata;Verticale ed orizzontale;Sereno;Normale;Buona;Ore Diurne;2;0;0;1;;;-1;1;Autovettura privata;In marcia / fermata / arresto;Conducente;M;Illeso;0;;Non accertato;Inesploso
1957250;4;20/10/2013 06:20;Strada Urbana;VIALE CARMELO BENE;in corrispondenza;;del civico n. ;257;;Veicolo in marcia contro ostacolo fisso;Curva a visuale libera;Più di due carreggiate;Asciutto;Asfaltata;Verticale ed orizzontale;Sereno;Scarso;Sufficiente;Ore Diurne;0;0;0;1;;;-1;1;Autobus urbano;In marcia / fermata / arresto;Conducente;M;Illeso;0;;Non accertato;
1957251;1;20/10/2013 00:50;Strada Urbana;LARGO DI VILLA PERETTI;in prossimità;;del palo luce n.;18;;Scontro laterale fra veicoli in marcia;Rettilineo;Una carreggiata a senso unico di marcia;Asciutto;In cubetti di porfido;Verticale ed orizzontale;Sereno;Normale;Buona;Sufficiente;0;0;0;3;12.49802;41.90177;-1;1;Autovettura privata;In marcia / fermata / arresto;Conducente;M;Illeso;0;;Non accertato;Inesistente
1957251;1;20/10/2013 00:50;Strada Urbana;LARGO DI VILLA PERETTI;in prossimità;;del palo luce n.;18;;Scontro laterale fra veicoli in marcia;Rettilineo;Una carreggiata a senso unico di marcia;Asciutto;In cubetti di porfido;Verticale ed orizzontale;Sereno;Normale;Buona;Sufficiente;0;0;0;3;12.49802;41.90177;-1;1;Autovettura privata;In marcia / fermata / arresto;Passeggero;M;Illeso;0;;Non accertato;
1957251;1;20/10/2013 00:50;Strada Urbana;LARGO DI VILLA PERETTI;in prossimità;;del palo luce n.;18;;Scontro laterale fra veicoli in marcia;Rettilineo;Una carreggiata a senso unico di marcia;Asciutto;In cubetti di porfido;Verticale ed orizzontale;Sereno;Normale;Buona;Sufficiente;0;0;0;3;12.49802;41.90177;-1;2;Autovettura di soccorso;In marcia / fermata / arresto;Conducente;M;Illeso;0;;Non accertato;
1957252;4;10/10/2013 21:45;Strada Urbana;VIA S. GENNARO;all'intersezione con;VIA RAPOLANO;VIA RAPOLANO;;;Tamponamento Multiplo;Incrocio;Una carreggiata a doppio senso;Asciutto;Asfaltata;Verticale ed orizzontale;Sereno;Scarso;Buona;Sufficiente;0;0;0;3;;;-1;1;Autovettura privata;In marcia / fermata / arresto;Conducente;F;Illeso;0;;Non accertato;Inesploso
1957252;4;10/10/2013 21:45;Strada Urbana;VIA S. GENNARO;all'intersezione con;VIA RAPOLANO;VIA RAPOLANO;;;Tamponamento Multiplo;Incrocio;Una carreggiata a doppio senso;Asciutto;Asfaltata;Verticale ed orizzontale;Sereno;Scarso;Buona;Sufficiente;0;0;0;3;;;-1;2;Quadriciclo leggero;In marcia / fermata / arresto;Conducente;M;Illeso;0;;Non accertato;Inesistente
1957252;4;10/10/2013 21:45;Strada Urbana;VIA S. GENNARO;all'intersezione con;VIA RAPOLANO;VIA RAPOLANO;;;Tamponamento Multiplo;Incrocio;Una carreggiata a doppio senso;Asciutto;Asfaltata;Verticale ed orizzontale;Sereno;Scarso;Buona;Sufficiente;0;0;0;3;;;-1;3;Autovettura privata;In marcia / fermata / arresto;Conducente;M;Illeso;0;;Non accertato;Inesploso
1957253;7;19/10/2013 20:00;Strada Urbana;VIA DEI PLATANI;all'intersezione con;VIA DEGLI ONTANI;VIA DEGLI ONTANI;;;Scontro frontale/laterale DX fra veicoli in marcia;Intersezione stradale segnalata;Una carreggiata a doppio senso;Asciutto;Asfaltata;Verticale ed orizzontale;Sereno;Intenso;Sufficiente;Sufficiente;3;0;0;0;;;-1;1;Autovettura privata;In marcia / fermata / arresto;Conducente;M;Rifiuta cure immediate;0;NON DECEDUTO;Non accertato;Inesistente
1957253;7;19/10/2013 20:00;Strada Urbana;VIA DEI PLATANI;all'intersezione con;VIA DEGLI ONTANI;VIA DEGLI ONTANI;;;Scontro frontale/laterale DX fra veicoli in marcia;Intersezione stradale segnalata;Una carreggiata a doppio senso;Asciutto;Asfaltata;Verticale ed orizzontale;Sereno;Intenso;Sufficiente;Sufficiente;3;0;0;0;;;-1;1;Autovettura privata;In marcia / fermata / arresto;Passeggero;M;Rifiuta cure immediate;0;NON DECEDUTO;Non accertato;Inesistente
1957253;7;19/10/2013 20:00;Strada Urbana;VIA DEI PLATANI;all'intersezione con;VIA DEGLI ONTANI;VIA DEGLI ONTANI;;;Scontro frontale/laterale DX fra veicoli in marcia;Intersezione stradale segnalata;Una carreggiata a doppio senso;Asciutto;Asfaltata;Verticale ed orizzontale;Sereno;Intenso;Sufficiente;Sufficiente;3;0;0;0;;;-1;2;Autovettura privata;In marcia / fermata / arresto;Conducente;M;Rimandato;0;NON DECEDUTO;Non accertato;Inesploso
1957254;20;20/10/2013 08:30;Provinciale entro l'abitato;VIA BRACCIANENSE;all'intersezione con;VIA DELLA CERQUETTA;VIA DELLA CERQUETTA;;;Veicolo in marcia contro ostacolo fisso;Intersezione stradale segnalata;Una carreggiata a doppio senso;Asciutto;Asfaltata;Verticale ed orizzontale;Sereno;Scarso;Buona;Ore Diurne;0;0;0;1;;;-1;1;Autovettura privata;In marcia / fermata / arresto;Conducente;M;Illeso;0;;Non accertato;Inesploso
1957255;18;19/10/2013 09:15;Strada Urbana;VIA DI BOCCEA;da specificare;;;;altezza via Bra;Scontro laterale fra veicoli in marcia;Rettilineo;Una carreggiata a doppio senso;Asciutto;Asfaltata;Verticale ed orizzontale;Nuvoloso;Normale;Buona;Ore Diurne;1;0;0;1;;;-1;1;Autovettura privata;In marcia / fermata / arresto;Conducente;F;Rimandato;0;NON DECEDUTO;Non accertato;Inesploso
1957255;18;19/10/2013 09:15;Strada Urbana;VIA DI BOCCEA;da specificare;;;;altezza via Bra;Scontro laterale fra veicoli in marcia;Rettilineo;Una carreggiata a doppio senso;Asciutto;Asfaltata;Verticale ed orizzontale;Nuvoloso;Normale;Buona;Ore Diurne;1;0;0;1;;;-1;2;Autovettura privata;In marcia / fermata / arresto;Conducente;M;Illeso;0;;Non accertato;Inesistente
1957256;1;20/10/2013 05:30;Strada Urbana;VIA DI MONTE BRIANZO;all'intersezione semaforizzata con;LUNGOTEVERE MARZIO;LUNGOTEVERE MARZIO;;;Scontro frontale/laterale DX fra veicoli in marcia;Intersezione semaforizzata;Una carreggiata a senso unico di marcia;Asciutto;Asfaltata;Verticale ed orizzontale;Sereno;Scarso;Sufficiente;Sufficiente;0;0;0;5;;;-1;1;Autovettura privata;In marcia / fermata / arresto;Conducente;M;Illeso;0;;Non accertato;Inesistente
1957256;1;20/10/2013 05:30;Strada Urbana;VIA DI MONTE BRIANZO;all'intersezione semaforizzata con;LUNGOTEVERE MARZIO;LUNGOTEVERE MARZIO;;;Scontro frontale/laterale DX fra veicoli in marcia;Intersezione semaforizzata;Una carreggiata a senso unico di marcia;Asciutto;Asfaltata;Verticale ed orizzontale;Sereno;Scarso;Sufficiente;Sufficiente;0;0;0;5;;;-1;1;Autovettura privata;In marcia / fermata / arresto;Passeggero;M;Illeso;0;;Non accertato;Inesistente
1957256;1;20/10/2013 05:30;Strada Urbana;VIA DI MONTE BRIANZO;all'intersezione semaforizzata con;LUNGOTEVERE MARZIO;LUNGOTEVERE MARZIO;;;Scontro frontale/laterale DX fra veicoli in marcia;Intersezione semaforizzata;Una carreggiata a senso unico di marcia;Asciutto;Asfaltata;Verticale ed orizzontale;Sereno;Scarso;Sufficiente;Sufficiente;0;0;0;5;;;-1;2;Autovettura privata;In marcia / fermata / arresto;Conducente;M;Illeso;0;;Non accertato;Inesistente
1957256;1;20/10/2013 05:30;Strada Urbana;VIA DI MONTE BRIANZO;all'intersezione semaforizzata con;LUNGOTEVERE MARZIO;LUNGOTEVERE MARZIO;;;Scontro frontale/laterale DX fra veicoli in marcia;Intersezione semaforizzata;Una carreggiata a senso unico di marcia;Asciutto;Asfaltata;Verticale ed orizzontale;Sereno;Scarso;Sufficiente;Sufficiente;0;0;0;5;;;-1;2;Autovettura privata;In marcia / fermata / arresto;Passeggero;M;Illeso;0;;Non accertato;Inesistente
1957256;1;20/10/2013 05:30;Strada Urbana;VIA DI MONTE BRIANZO;all'intersezione semaforizzata con;LUNGOTEVERE MARZIO;LUNGOTEVERE MARZIO;;;Scontro frontale/laterale DX fra veicoli in marcia;Intersezione semaforizzata;Una carreggiata a senso unico di marcia;Asciutto;Asfaltata;Verticale ed orizzontale;Sereno;Scarso;Sufficiente;Sufficiente;0;0;0;5;;;-1;2;Autovettura privata;In marcia / fermata / arresto;Passeggero;M;Illeso;0;;Non accertato;Inesistente
1957257;7;20/10/2013 14:30;Strada Urbana;VIA DI TOR SAPIENZA;in corrispondenza;;del civico n. ;31;;Veicolo in marcia contro veicolo fermo;Rettilineo;Una carreggiata a doppio senso;Asciutto;Asfaltata;Verticale ed orizzontale;Sereno;Normale;Buona;Ore Diurne;0;0;0;2;;;-1;2;Autovettura privata;In marcia / fermata / arresto;Conducente;M;Illeso;0;;Non accertato;Inesistente