Protocollo;Gruppo;DataOraIncidente;Localizzazione1;STRADA1;Localizzazione2;STRADA2;Strada02;Chilometrica;DaSpecificare;NaturaIncidente;particolaritastrade;TipoStrada;FondoStradale;Pavimentazione;Segnaletica;CondizioneAtmosferica;Traffico;Visibilita;Illuminazione;NUM_FERITI;NUM_RISERVATA;NUM_MORTI;NUM_ILLESI;Longitudine;Latitudine;Confermato;Progressivo;TipoVeicolo;StatoVeicolo;TipoPersona;Sesso;Tipolesione;Deceduto;DecedutoDopo;CinturaCascoUtilizzato;Airbag
1957435;17;22/10/2013 20:10;Strada Urbana;VIALE DELLE MEDAGLIE D'ORO;in prossimità;;del civico n. ;40;;Scontro frontale/laterale DX fra veicoli in marcia;Rettilineo;Una carreggiata a doppio senso;Asciutto;Asfaltata;Verticale ed orizzontale;Sereno;Normale;Buona;Sufficiente;0;0;0;2;;;-1;2;Motociclo a solo;In marcia / fermata / arresto;Conducente;M;Illeso;0;;Non utilizzato;Inesistente
1957436;18;22/10/2013 05:20;Strada Urbana;PIAZZA DI VILLA CARPEGNA;in prossimità;;del civico n. ;34;;Tamponamento;Curva senza visuale libera;Due carreggiate;Asciutto;Asfaltata;Verticale ed orizzontale;Sereno;Scarso;Sufficiente;Sufficiente;0;0;0;2;;;-1;1;Autovettura privata;In marcia / fermata / arresto;Conducente;M;Illeso;0;;Non accertato;Inesploso
1957436;18;22/10/2013 05:20;Strada Urbana;PIAZZA DI VILLA CARPEGNA;in prossimità;;del civico n. ;34;;Tamponamento;Curva senza visuale libera;Due carreggiate;Asciutto;Asfaltata;Verticale ed orizzontale;Sereno;Scarso;Sufficiente;Sufficiente;0;0;0;2;;;-1;2;Autovettura privata;In marcia / fermata / arresto;Conducente;M;Illeso;0;;Utilizzato;Inesploso
1957437;4;22/10/2013 16:45;Provinciale;VIA NOMENTANA;in prossimità;;del civico n. ;1412;;Scontro frontale/laterale DX fra veicoli in marcia;Rettilineo;Una carreggiata a doppio senso;Asciutto;Asfaltata;Orizzontale;Sereno;Normale;Buona;Ore Diurne;1;0;0;1;;;-1;1;Motociclo a solo;In marcia / fermata / arresto;Conducente;M;Ricoverato;0;NON DECEDUTO;Non accertato;Inesistente
1957437;4;22/10/2013 16:45;Provinciale;VIA NOMENTANA;in prossimità;;del civico n. ;1412;;Scontro frontale/laterale DX fra veicoli in marcia;Rettilineo;Una carreggiata a doppio senso;Asciutto;Asfaltata;Orizzontale;Sereno;Normale;Buona;Ore Diurne;1;0;0;1;;;-1;2;Autovettura privata;In marcia / fermata / arresto;Conducente;M;Illeso;0;;Non accertato;
1957438;9;22/10/2013 19:20;Strada Urbana;VIA TUSCOLANA;all'intersezione semaforizzata con;VIA DELL'ARCO DI TRAVERTINO;VIA DELL'ARCO DI TRAVERTINO;;;Scontro frontale/laterale DX fra veicoli in marcia;Intersezione semaforizzata;Due carreggiate;Asciutto;Asfaltata;Verticale ed orizzontale;Sereno;Intenso;Sufficiente;Sufficiente;0;0;0;2;;;-1;1;Autovettura privata;In marcia / fermata / arresto;Conducente;M;Illeso;0;;Non accertato;Inesistente
1957438;9;22/10/2013 19:20;Strada Urbana;VIA TUSCOLANA;all'intersezione semaforizzata con;VIA DELL'ARCO DI TRAVERTINO;VIA DELL'ARCO DI TRAVERTINO;;;Scontro frontale/laterale DX fra veicoli in marcia;Intersezione semaforizzata;Due carreggiate;Asciutto;Asfaltata;Verticale ed orizzontale;Sereno;Intenso;Sufficiente;Sufficiente;0;0;0;2;;;-1;2;Motociclo a solo;In marcia / fermata / arresto;Conducente;M;Illeso;0;;Non accertato;Inesistente
1957439;20;22/10/2013 13:30;Statale entro l'abitato;VIA CASSIA;in corrispondenza;;del palo luce n. ;66;;Tamponamento Multiplo;Rettilineo;Una carreggiata a doppio senso;Asciutto;Asfaltata;Verticale ed orizzontale;Sereno;Intenso;Buona;Ore Diurne;0;0;0;3;;;-1;1;Autovettura privata;In marcia / fermata / arresto;Conducente;;Illeso;0;;Non accertato;Inesploso
1957439;20;22/10/2013 13:30;Statale entro l'abitato;VIA CASSIA;in corrispondenza;;del palo luce n. ;66;;Tamponamento Multiplo;Rettilineo;Una carreggiata a doppio senso;Asciutto;Asfaltata;Verticale ed orizzontale;Sereno;Intenso;Buona;Ore Diurne;0;0;0;3;;;-1;2;Autovettura privata;In marcia / fermata / arresto;Conducente;M;Illeso;0;;Non accertato;Inesploso
1957439;20;22/10/2013 13:30;Statale entro l'abitato;VIA CASSIA;in corrispondenza;;del palo luce n. ;66;;Tamponamento Multiplo;Rettilineo;Una carreggiata a doppio senso;Asciutto;Asfaltata;Verticale ed orizzontale;Sereno;Intenso;Buona;Ore Diurne;0;0;0;3;;;-1;3;Autovettura privata;In marcia / fermata / arresto;Conducente;F;Illeso;0;;Non accertato;Inesistente
1957440;17;22/10/2013 18:15;Strada Urbana;CIRCONVALLAZIONE CLODIA;in corrispondenza;;del civico n. ;34/A;;Investimento di pedone;Rettilineo;Due carreggiate;Asciutto;Asfaltata;Verticale ed orizzontale;Sereno;Normale;Buona;Sufficiente;1;0;0;1;;;-1;;;;Pedone;M;Rimandato;0;NON DECEDUTO;;
1957440;17;22/10/2013 18:15;Strada Urbana;CIRCONVALLAZIONE CLODIA;in corrispondenza;;del civico n. ;34/A;;Investimento di pedone;Rettilineo;Due carreggiate;Asciutto;Asfaltata;Verticale ed orizzontale;Sereno;Normale;Buona;Sufficiente;1;0;0;1;;;-1;1;Ciclomotore;In marcia / fermata / arresto;Conducente;M;Illeso;0;;Non accertato;Inesistente
1957441;17;22/10/2013 22:50;Strada Urbana;VIA PROPERZIO;in prossimità;;del civico n. ;28;;Veicolo in marcia contro veicolo fermo;Rettilineo;Una carreggiata a senso unico di marcia;Asciutto;Asfaltata;Verticale ed orizzontale;Sereno;Scarso;Buona;Sufficiente;0;0;0;2;;;-1;1;Autovettura privata;In marcia / fermata / arresto;Conducente;M;Illeso;0;;Non accertato;Inesistente
1957441;17;22/10/2013 22:50;Strada Urbana;VIA PROPERZIO;in prossimità;;del civico n. ;28;;Veicolo in marcia contro veicolo fermo;Rettilineo;Una carreggiata a senso unico di marcia;Asciutto;Asfaltata;Verticale ed orizzontale;Sereno;Scarso;Buona;Sufficiente;0;0;0;2;;;-1;1;Autovettura privata;In marcia / fermata / arresto;Passeggero;F;Illeso;0;;Non accertato;Inesistente
1957442;10;22/10/2013 09:15;Strada Urbana;VIA FLAVIO STILICONE;in corrispondenza;;del civico n. ;162;;Scontro frontale/laterale SX fra veicoli in marcia;Rettilineo;Una carreggiata a senso unico di marcia;Asciutto;Asfaltata;Assente;Sereno;Scarso;Buona;Ore Diurne;0;0;0;3;;;-1;1;Autovettura privata;In marcia / fermata / arresto;Conducente;M;Illeso;0;;Non accertato;Inesploso
1957442;10;22/10/2013 09:15;Strada Urbana;VIA FLAVIO STILICONE;in corrispondenza;;del civico n. ;162;;Scontro frontale/laterale SX fra veicoli in marcia;Rettilineo;Una carreggiata a senso unico di marcia;Asciutto;Asfaltata;Assente;Sereno;Scarso;Buona;Ore Diurne;0;0;0;3;;;-1;2;Autovettura privata;In marcia / fermata / arresto;Conducente;M;Illeso;0;;Non accertato;Inesploso
1957442;10;22/10/2013 09:15;Strada Urbana;VIA FLAVIO STILICONE;in corrispondenza;;del civico n. ;162;;Scontro frontale/laterale SX fra veicoli in marcia;Rettilineo;Una carreggiata a senso unico di marcia;Asciutto;Asfaltata;Assente;Sereno;Scarso;Buona;Ore Diurne;0;0;0;3;;;-1;2;Autovettura privata;In marcia / fermata / arresto;Passeggero;M;Illeso;0;;Non accertato;Inesploso
1957443;10;22/10/2013 10:35;Statale entro l'abitato;VIA TUSCOLANA;all'intersezione semaforizzata con;VIALE GIULIO AGRICOLA;VIALE GIULIO AGRICOLA;;;Scontro frontale/laterale DX fra veicoli in marcia;Intersezione semaforizzata;Due carreggiate;Asciutto;Asfaltata;Verticale ed orizzontale;Sereno;Normale;Buona;Ore Diurne;0;0;0;3;;;-1;1;Autovettura privata;In marcia / fermata / arresto;Conducente;F;Illeso;0;;Non accertato;Inesploso
1957443;10;22/10/2013 10:35;Statale entro l'abitato;VIA TUSCOLANA;all'intersezione semaforizzata con;VIALE GIULIO AGRICOLA;VIALE GIULIO AGRICOLA;;;Scontro frontale/laterale DX fra veicoli in marcia;Intersezione semaforizzata;Due carreggiate;Asciutto;Asfaltata;Verticale ed orizzontale;Sereno;Normale;Buona;Ore Diurne;0;0;0;3;;;-1;1;Autovettura privata;In marcia / fermata / arresto;Passeggero;F;Illeso;0;;Non accertato;Inesploso
1957443;10;22/10/2013 10:35;Statale entro l'abitato;VIA TUSCOLANA;all'intersezione semaforizzata con;VIALE GIULIO AGRICOLA;VIALE GIULIO AGRICOLA;;;Scontro frontale/laterale DX fra veicoli in marcia;Intersezione semaforizzata;Due carreggiate;Asciutto;Asfaltata;Verticale ed orizzontale;Sereno;Normale;Buona;Ore Diurne;0;0;0;3;;;-1;2;Autovettura privata;In marcia / fermata / arresto;Conducente;F;Illeso;0;;Non accertato;Inesploso
1957444;10;22/10/2013 11:30;Strada Urbana;VIALE LUIGI SCHIAVONETTI;in corrispondenza;;del palo luce n. ;92;;Veicolo in marcia contro ostacolo accidentale;Curva a visuale libera;Due carreggiate;Asciutto;Con buche;Orizzontale;Sereno;Normale;Buona;Ore Diurne;0;0;0;1;;;-1;1;Motociclo a solo;In marcia / fermata / arresto;Conducente;M;Illeso;0;;Non accertato;Inesistente
1957445;10;22/10/2013 17:00;Strada Urbana;VIALE ANTONIO CIAMARRA;da specificare;;;;prossimità fermata bus Ciamarra/Rizzieri;Investimento di pedone;Rettilineo;Più di due carreggiate;Asciutto;Asfaltata;Verticale ed orizzontale;Sereno;Normale;Buona;Ore Diurne;1;0;0;1;;;-1;;;;Pedone;F;Ricoverato;0;NON DECEDUTO;;
1957445;10;22/10/2013 17:00;Strada Urbana;VIALE ANTONIO CIAMARRA;da specificare;;;;prossimità fermata bus Ciamarra/Rizzieri;Investimento di pedone;Rettilineo;Più di due carreggiate;Asciutto;Asfaltata;Verticale ed orizzontale;Sereno;Normale;Buona;Ore Diurne;1;0;0;1;;;-1;1;Autobus urbano;In marcia / fermata / arresto;Conducente;M;Illeso;0;;Non accertato;Inesistente
1957446;1;22/10/2013 16:15;Strada Urbana;PIAZZA VITTORIO EMANUELE II;all'intersezione con;VIA DELLO STATUTO;VIA DELLO STATUTO;;;Scontro laterale fra veicoli in marcia;Incrocio;Una carreggiata a doppio senso;Asciutto;In cubetti di porfido;Verticale;Sereno;Normale;Buona;Ore Diurne;0;0;0;2;;;-1;1;Autobus turistico;In marcia / fermata / arresto;Conducente;M;Illeso;0;;Non accertato;Inesistente
1957446;1;22/10/2013 16:15;Strada Urbana;PIAZZA VITTORIO EMANUELE II;all'intersezione con;VIA DELLO STATUTO;VIA DELLO STATUTO;;;Scontro laterale fra veicoli in marcia;Incrocio;Una carreggiata a doppio senso;Asciutto;In cubetti di porfido;Verticale;Sereno;Normale;Buona;Ore Diurne;0;0;0;2;;;-1;2;Autovettura privata;In marcia / fermata / arresto;Conducente;F;Illeso;0;;Non accertato;Inesistente
1957447;10;22/10/2013 13:25;Strada Urbana;VIA DI PASSOLOMBARDO;all'intersezione con;VIALE JEAN PAUL SARTRE;VIALE JEAN PAUL SARTRE;;;Scontro frontale/laterale SX fra veicoli in marcia;Incrocio;Una carreggiata a doppio senso;Asciutto;Asfaltata;Verticale ed orizzontale;Sereno;Normale;Buona;Ore Diurne;1;0;0;1;12.63226;41.83846;-1;1;Motociclo a solo;In marcia / fermata / arresto;Conducente;M;Rimandato;0;NON DECEDUTO;Non accertato;Inesistente
1957447;10;22/10/2013 13:25;Strada Urbana;VIA DI PASSOLOMBARDO;all'intersezione con;VIALE JEAN PAUL SARTRE;VIALE JEAN PAUL SARTRE;;;Scontro frontale/laterale SX fra veicoli in marcia;Incrocio;Una carreggiata a doppio senso;Asciutto;Asfaltata;Verticale ed orizzontale;Sereno;Normale;Buona;Ore Diurne;1;0;0;1;12.63226;41.83846;-1;2;Autovettura privata;In marcia / fermata / arresto;Conducente;M;Illeso;0;;;
1957448;20;22/10/2013 23:30;Strada Urbana;VIA TRIONFALE;da specificare;;;;prossimità Via Accumoli;Investimento di pedone;Rettilineo;Una carreggiata a senso unico di marcia;Asciutto;Asfaltata;Verticale ed orizzontale;Sereno;Scarso;Sufficiente;Sufficiente;1;0;0;2;;;-1;;;;Pedone;M;Ricoverato;0;NON DECEDUTO;;
1957448;20;22/10/2013 23:30;Strada Urbana;VIA TRIONFALE;da specificare;;;;prossimità Via Accumoli;Investimento di pedone;Rettilineo;Una carreggiata a senso unico di marcia;Asciutto;Asfaltata;Verticale ed orizzontale;Sereno;Scarso;Sufficiente;Sufficiente;1;0;0;2;;;-1;1;Autovettura privata;In marcia / fermata / arresto;Conducente;M;Illeso;0;;Non accertato;Inesistente
1957448;20;22/10/2013 23:30;Strada Urbana;VIA TRIONFALE;da specificare;;;;prossimità Via Accumoli;Investimento di pedone;Rettilineo;Una carreggiata a senso unico di marcia;Asciutto;Asfaltata;Verticale ed orizzontale;Sereno;Scarso;Sufficiente;Sufficiente;1;0;0;2;;;-1;1;Autovettura privata;In marcia / fermata / arresto;Passeggero;;Illeso;0;;Non accertato;Inesploso
1957449;1;22/10/2013 12:50;Strada Urbana;VIA CASTELFIDARDO;all'intersezione con;VIA GAETA;VIA GAETA;;;Scontro frontale/laterale DX fra veicoli in marcia;Incrocio;Una carreggiata a senso unico di marcia;Asciutto;Asfaltata;Verticale;Sereno;Scarso;Buona;Ore Diurne;0;0;0;2;;;-1;1;Autovettura privata;In marcia / fermata / arresto;Conducente;M;Illeso;0;;Non accertato;Inesistente
1957449;1;22/10/2013 12:50;Strada Urbana;VIA CASTELFIDARDO;all'intersezione con;VIA GAETA;VIA GAETA;;;Scontro frontale/laterale DX fra veicoli in marcia;Incrocio;Una carreggiata a senso unico di marcia;Asciutto;Asfaltata;Verticale;Sereno;Scarso;Buona;Ore Diurne;0;0;0;2;;;-1;3;Autovettura privata;In marcia / fermata / arresto;Conducente;F;Illeso;0;;Non accertato;Inesistente
1957450;17;22/10/2013 13:40;Strada Urbana;VIALE DELLO STADIO OLIMPICO;da specificare;;;;tra i pali acea 19 e 20;Tamponamento;Curva senza visuale libera;Una carreggiata a senso unico di marcia;Asciutto;Asfaltata;Verticale ed orizzontale;Sereno;Normale;Buona;Ore Diurne;1;0;0;2;;;-1;1;Motociclo a solo;In marcia / fermata / arresto;Conducente;M;Rimandato;0;NON DECEDUTO;Non accertato;Inesistente
1957450;17;22/10/2013 13:40;Strada Urbana;VIALE DELLO STADIO OLIMPICO;da specificare;;;;tra i pali acea 19 e 20;Tamponamento;Curva senza visuale libera;Una carreggiata a senso unico di marcia;Asciutto;Asfaltata;Verticale ed orizzontale;Sereno;Normale;Buona;Ore Diurne;1;0;0;2;;;-1;2;Autovettura privata;In marcia / fermata / arresto;Conducente;M;Illeso;0;;Non accertato;Inesploso
1957450;17;22/10/2013 13:40;Strada Urbana;VIALE DELLO STADIO OLIMPICO;da specificare;;;;tra i pali acea 19 e 20;Tamponamento;Curva senza visuale libera;Una carreggiata a senso unico di marcia;Asciutto;Asfaltata;Verticale ed orizzontale;Sereno;Normale;Buona;Ore Diurne;1;0;0;2;;;-1;2;Autovettura privata;In marcia / fermata / arresto;Passeggero;F;Illeso;0;;Non accertato;Inesploso
1957451;1;22/10/2013 14:50;Strada Urbana;VIALE DELLE TERME DI CARACALLA;in corrispondenza;;ALBERO;272;;Scontro frontale/laterale SX fra veicoli in marcia;Rettilineo;Due carreggiate;Asciutto;Asfaltata;Orizzontale;Sereno;Intenso;Buona;Ore Diurne;1;0;0;2;;;-1;1;Autovettura privata;In marcia / fermata / arresto;Conducente;M;Illeso;0;;Non accertato;Inesistente
1957451;1;22/10/2013 14:50;Strada Urbana;VIALE DELLE TERME DI CARACALLA;in corrispondenza;;ALBERO;272;;Scontro frontale/laterale SX fra veicoli in marcia;Rettilineo;Due carreggiate;Asciutto;Asfaltata;Orizzontale;Sereno;Intenso;Buona;Ore Diurne;1;0;0;2;;;-1;1;Autovettura privata;In marcia / fermata / arresto;Passeggero;M;Illeso;0;;Non accertato;Inesistente
1957451;1;22/10/2013 14:50;Strada Urbana;VIALE DELLE TERME DI CARACALLA;in corrispondenza;;ALBERO;272;;Scontro frontale/laterale SX fra veicoli in marcia;Rettilineo;Due carreggiate;Asciutto;Asfaltata;Orizzontale;Sereno;Intenso;Buona;Ore Diurne;1;0;0;2;;;-1;2;Autovettura privata;In marcia / fermata / arresto;Conducente;F;Rimandato;0;NON DECEDUTO;Non accertato;Inesistente
1957452;4;22/10/2013 19:40;Strada Urbana;VIA MONTE SCALAMBRA;da specificare;;;;fr. civ. 13/c;Veicolo in marcia contro veicolo in sosta;Curva a visuale libera;Una carreggiata a doppio senso;Asciutto;Asfaltata;Assente;Sereno;Normale;Buona;Sufficiente;0;0;0;2;;;-1;2;Autocarro inferiore 35 q.;In marcia / fermata / arresto;Conducente;M;Illeso;0;;Non accertato;Inesistente
1957452;4;22/10/2013 19:40;Strada Urbana;VIA MONTE SCALAMBRA;da specificare;;;;fr. civ. 13/c;Veicolo in marcia contro veicolo in sosta;Curva a visuale libera;Una carreggiata a doppio senso;Asciutto;Asfaltata;Assente;Sereno;Normale;Buona;Sufficiente;0;0;0;2;;;-1;2;Autocarro inferiore 35 q.;In marcia / fermata / arresto;Passeggero;F;Illeso;0;;Non accertato;Inesistente
1957453;1;22/10/2013 13:35;Strada Urbana;VIA DRUSO;in prossimità;;del civico n. ;41;;Veicolo in marcia contro ostacolo fisso;Rettilineo;Una carreggiata a doppio senso;Asciutto;Asfaltata;Orizzontale;Sereno;Intenso;Buona;Ore Diurne;1;0;0;0;;;-1;1;Motociclo a solo;In marcia / fermata / arresto;Conducente;M;Rimandato;0;NON DECEDUTO;Non accertato;Inesistente
1957454;1;22/10/2013 14:30;Strada Urbana;VIA DRUSO;in prossimità;;del civico n.;2;;Tamponamento;Rettilineo;Una carreggiata a doppio senso;Asciutto;Asfaltata;Verticale ed orizzontale;Sereno;Intenso;Buona;Ore Diurne;0;0;0;2;12.49637;41.88015;-1;1;Autovettura privata;In marcia / fermata / arresto;Conducente;F;Illeso;0;;;
1957454;1;22/10/2013 14:30;Strada Urbana;VIA DRUSO;in prossimità;;del civico n.;2;;Tamponamento;Rettilineo;Una carreggiata a doppio senso;Asciutto;Asfaltata;Verticale ed orizzontale;Sereno;Intenso;Buona;Ore Diurne;0;0;0;2;12.49637;41.88015;-1;2;Autovettura privata;In marcia / fermata / arresto;Conducente;M;Illeso;0;;Non accertato;
1957455;20;22/10/2013 19:15;Strada Urbana;VIA DI VALLE MURICANA;all'intersezione con;VIA SULBIATE;VIA SULBIATE;;;Scontro frontale/laterale DX fra veicoli in marcia;Intersezione non regolata/non segnalata;Una carreggiata a doppio senso;Asciutto;Asfaltata;Orizzontale;Sereno;Scarso;Insufficiente;Insufficiente;0;0;0;3;;;-1;1;Autovettura privata;In marcia / fermata / arresto;Conducente;M;Illeso;0;;Non accertato;Inesistente
1957455;20;22/10/2013 19:15;Strada Urbana;VIA DI VALLE MURICANA;all'intersezione con;VIA SULBIATE;VIA SULBIATE;;;Scontro frontale/laterale DX fra veicoli in marcia;Intersezione non regolata/non segnalata;Una carreggiata a doppio senso;Asciutto;Asfaltata;Orizzontale;Sereno;Scarso;Insufficiente;Insufficiente;0;0;0;3;;;-1;1;Autovettura privata;In marcia / fermata / arresto;Passeggero;F;Illeso;0;;Non accertato;Esploso
1957455;20;22/10/2013 19:15;Strada Urbana;VIA DI VALLE MURICANA;all'intersezione con;VIA SULBIATE;VIA SULBIATE;;;Scontro frontale/laterale DX fra veicoli in marcia;Intersezione non regolata/non segnalata;Una carreggiata a doppio senso;Asciutto;Asfaltata;Orizzontale;Sereno;Scarso;Insufficiente;Insufficiente;0;0;0;3;;;-1;2;Autovettura privata;In marcia / fermata / arresto;Conducente;M;Illeso;0;;Non accertato;Inesploso
1957456;1;22/10/2013 15:35;Strada Urbana;VIA MAGNANAPOLI;in prossimità;;del palo luce n.;2;;Veicolo in marcia contro ostacolo accidentale;Rettilineo;Una carreggiata a senso unico di marcia;Viscido da liquidi oleosi;In cubetti di porfido;Verticale ed orizzontale;Sereno;Normale;Buona;Ore Diurne;0;0;0;1;12.48508;41.89613;-1;1;Motociclo a solo;In marcia / fermata / arresto;Conducente;M;Illeso;0;;Non accertato;
1957457;18;22/10/2013 08:00;Strada Urbana;VIA DELLA PINETA SACCHETTI;all'intersezione con;VIA DEL FORTE BOCCEA;VIA DEL FORTE BOCCEA;;;Scontro frontale/laterale SX fra veicoli in marcia;Intersezione stradale segnalata;Una carreggiata a doppio senso;Asciutto;Asfaltata;Verticale ed orizzontale;Sereno;Intenso;Buona;Ore Diurne;1;0;0;2;;;-1;1;Motociclo a solo;In marcia / fermata / arresto;Conducente;M;Rifiuta cure immediate;0;NON DECEDUTO;Non accertato;Inesistente
1957457;18;22/10/2013 08:00;Strada Urbana;VIA DELLA PINETA SACCHETTI;all'intersezione con;VIA DEL FORTE BOCCEA;VIA DEL FORTE BOCCEA;;;Scontro frontale/laterale SX fra veicoli in marcia;Intersezione stradale segnalata;Una carreggiata a doppio senso;Asciutto;Asfaltata;Verticale ed orizzontale;Sereno;Intenso;Buona;Ore Diurne;1;0;0;2;;;-1;2;Autovettura privata;In marcia / fermata / arresto;Conducente;F;Illeso;0;;Non accertato;Inesploso
1957457;18;22/10/2013 08:00;Strada Urbana;VIA DELLA PINETA SACCHETTI;all'intersezione con;VIA DEL FORTE BOCCEA;VIA DEL FORTE BOCCEA;;;Scontro frontale/laterale SX fra veicoli in marcia;Intersezione stradale segnalata;Una carreggiata a doppio senso;Asciutto;Asfaltata;Verticale ed orizzontale;Sereno;Intenso;Buona;Ore Diurne;1;0;0;2;;;-1;3;Autovettura privata;In marcia / fermata / arresto;Conducente;M;Illeso;0;;Non accertato;Esploso
1957458;20;22/10/2013 12:45;Regionale entro l'abitato;VIA CASSIA;in corrispondenza;;del civico n. ;2155;;Tamponamento Multiplo;Rettilineo;Una carreggiata a doppio senso;Asciutto;Asfaltata;Verticale ed orizzontale;Sereno;Normale;Buona;Ore Diurne;0;0;0;5;;;-1;1;Autovettura privata;In marcia / fermata / arresto;Conducente;F;Illeso;0;;Non accertato;Inesistente
1957458;20;22/10/2013 12:45;Regionale entro l'abitato;VIA CASSIA;in corrispondenza;;del civico n. ;2155;;Tamponamento Multiplo;Rettilineo;Una carreggiata a doppio senso;Asciutto;Asfaltata;Verticale ed orizzontale;Sereno;Normale;Buona;Ore Diurne;0;0;0;5;;;-1;1;Autovettura privata;In marcia / fermata / arresto;Passeggero;F;Illeso;0;;Non accertato;Inesistente
1957458;20;22/10/2013 12:45;Regionale entro l'abitato;VIA CASSIA;in corrispondenza;;del civico n. ;2155;;Tamponamento Multiplo;Rettilineo;Una carreggiata a doppio senso;Asciutto;Asfaltata;Verticale ed orizzontale;Sereno;Normale;Buona;Ore Diurne;0;0;0;5;;;-1;2;Autovettura privata;In marcia / fermata / arresto;Conducente;F;Illeso;0;;Non accertato;Inesploso
1957458;20;22/10/2013 12:45;Regionale entro l'abitato;VIA CASSIA;in corrispondenza;;del civico n. ;2155;;Tamponamento Multiplo;Rettilineo;Una carreggiata a doppio senso;Asciutto;Asfaltata;Verticale ed orizzontale;Sereno;Normale;Buona;Ore Diurne;0;0;0;5;;;-1;3;Autovettura privata;In marcia / fermata / arresto;Conducente;F;Illeso;0;;Non accertato;Inesistente
1957458;20;22/10/2013 12:45;Regionale entro l'abitato;VIA CASSIA;in corrispondenza;;del civico n. ;2155;;Tamponamento Multiplo;Rettilineo;Una carreggiata a doppio senso;Asciutto;Asfaltata;Verticale ed orizzontale;Sereno;Normale;Buona;Ore Diurne;0;0;0;5;;;-1;4;Autovettura privata;In marcia / fermata / arresto;Conducente;F;Illeso;0;;Non accertato;Inesploso
1957459;1;20/10/2013 12:00;Strada Urbana;PIAZZA DI SPAGNA;in prossimità;;del civico n.;42/A;;Veicolo in marcia contro veicolo fermo;Rettilineo;Una carreggiata a senso unico di marcia;Asciutto;Asfaltata;Verticale ed orizzontale;Sereno;Scarso;Buona;Ore Diurne;0;0;0;3;12.48253;41.90542;-1;1;Autovettura pubblica;In marcia / fermata / arresto;Conducente;M;Illeso;0;;Non accertato;
1957459;1;20/10/2013 12:00;Strada Urbana;PIAZZA DI SPAGNA;in prossimità;;del civico n.;42/A;;Veicolo in marcia contro veicolo fermo;Rettilineo;Una carreggiata a senso unico di marcia;Asciutto;Asfaltata;Verticale ed orizzontale;Sereno;Scarso;Buona;Ore Diurne;0;0;0;3;12.48253;41.90542;-1;1;Autovettura pubblica;In marcia / fermata / arresto;Passeggero;M;Illeso;0;;Non accertato;
1957459;1;20/10/2013 12:00;Strada Urbana;PIAZZA DI SPAGNA;in prossimità;;del civico n.;42/A;;Veicolo in marcia contro veicolo fermo;Rettilineo;Una carreggiata a senso unico di marcia;Asciutto;Asfaltata;Verticale ed orizzontale;Sereno;Scarso;Buona;Ore Diurne;0;0;0;3;12.48253;41.90542;-1;2;Autovettura privata;In marcia / fermata / arresto;Conducente;M;Illeso;0;;Non accertato;
1957460;4;22/10/2013 16:10;Statale entro l'abitato;VIA SALARIA;in prossimità;;del civico n. ;665;;Scontro frontale/laterale DX fra veicoli in marcia;Rettilineo;Una carreggiata a senso unico di marcia;Asciutto;Asfaltata;Orizzontale;Sereno;Normale;Buona;Ore Diurne;0;0;0;2;;;-1;1;Autovettura privata;In marcia / fermata / arresto;Conducente;M;Illeso;0;;Non accertato;Inesistente
1957460;4;22/10/2013 16:10;Statale entro l'abitato;VIA SALARIA;in prossimità;;del civico n. ;665;;Scontro frontale/laterale DX fra veicoli in marcia;Rettilineo;Una carreggiata a senso unico di marcia;Asciutto;Asfaltata;Orizzontale;Sereno;Normale;Buona;Ore Diurne;0;0;0;2;;;-1;2;Autocarro inferiore 35 q.;In marcia / fermata / arresto;Conducente;M;Illeso;0;;Non accertato;Inesistente
1957461;1;23/10/2013 07:00;Strada Urbana;PIAZZALE UGO LA MALFA;in corrispondenza;;del palo luce n. ;8;;Scontro frontale/laterale SX fra veicoli in marcia;Rettilineo;Una carreggiata a senso unico di marcia;Asciutto;Asfaltata;Verticale ed orizzontale;Sereno;Normale;Buona;Ore Diurne;1;0;0;0;;;-1;1;Motociclo a solo;In marcia / fermata / arresto;Conducente;M;Rimandato;0;NON DECEDUTO;Non accertato;Inesistente
1957462;4;22/10/2013 10:15;Strada Urbana;VIA DEI PRATI FISCALI;da specificare;;;;area parcheggio Carrefour;Investimento di pedone;Rettilineo;Due carreggiate;Asciutto;Asfaltata;Verticale ed orizzontale;Sereno;Scarso;Buona;Ore Diurne;1;0;0;2;;;-1;;;;Pedone;M;Rimandato;0;NON DECEDUTO;;
1957462;4;22/10/2013 10:15;Strada Urbana;VIA DEI PRATI FISCALI;da specificare;;;;area parcheggio Carrefour;Investimento di pedone;Rettilineo;Due carreggiate;Asciutto;Asfaltata;Verticale ed orizzontale;Sereno;Scarso;Buona;Ore Diurne;1;0;0;2;;;-1;1;Autovettura privata;In marcia / fermata / arresto;Conducente;F;Illeso;0;;Non accertato;Inesistente
1957462;4;22/10/2013 10:15;Strada Urbana;VIA DEI PRATI FISCALI;da specificare;;;;area parcheggio Carrefour;Investimento di pedone;Rettilineo;Due carreggiate;Asciutto;Asfaltata;Verticale ed orizzontale;Sereno;Scarso;Buona;Ore Diurne;1;0;0;2;;;-1;1;Autovettura privata;In marcia / fermata / arresto;Passeggero;F;Illeso;0;;Non accertato;Inesistente