Protocollo;Gruppo;DataOraIncidente;Localizzazione1;STRADA1;Localizzazione2;STRADA2;Strada02;Chilometrica;DaSpecificare;NaturaIncidente;particolaritastrade;TipoStrada;FondoStradale;Pavimentazione;Segnaletica;CondizioneAtmosferica;Traffico;Visibilita;Illuminazione;NUM_FERITI;NUM_RISERVATA;NUM_MORTI;NUM_ILLESI;Longitudine;Latitudine;Confermato;Progressivo;TipoVeicolo;StatoVeicolo;TipoPersona;Sesso;Tipolesione;Deceduto;DecedutoDopo;CinturaCascoUtilizzato;Airbag
1957625;19;24/10/2013 19:20;Strada Urbana;VIA EZIO SCIAMANNA;all'intersezione con;VIA CARLO LIVI;VIA CARLO LIVI;;;Scontro frontale/laterale DX fra veicoli in marcia;Intersezione stradale segnalata;Una carreggiata a senso unico di marcia;Bagnato (umidità in atto);Asfaltata;Orizzontale;Nuvoloso;Normale;Sufficiente;Sufficiente;2;0;0;1;;;-1;3;Motociclo con passeggero;In marcia / fermata / arresto;Passeggero;F;Rimandato;0;NON DECEDUTO;Non accertato;Inesistente
1957626;8;24/10/2013 17:45;Strada Urbana;VIA BORGHESIANA;in prossimità;;del civico n. ;201/D;;Investimento di pedone;Rettilineo;Una carreggiata a doppio senso;Bagnato (pioggia);Asfaltata;Assente;Pioggia in atto;Normale;Sufficiente;Sufficiente;1;0;0;1;;;-1;;;;Pedone;M;Rimandato;0;NON DECEDUTO;;
1957626;8;24/10/2013 17:45;Strada Urbana;VIA BORGHESIANA;in prossimità;;del civico n. ;201/D;;Investimento di pedone;Rettilineo;Una carreggiata a doppio senso;Bagnato (pioggia);Asfaltata;Assente;Pioggia in atto;Normale;Sufficiente;Sufficiente;1;0;0;1;;;-1;1;Autovettura privata;In marcia / fermata / arresto;Conducente;F;Illeso;0;;Non accertato;Inesploso
1957627;11;24/10/2013 06:50;Strada Urbana;VIA DEL PORTO FLUVIALE;da specificare;;;;altezza VIA OSTIENSE.;Tamponamento Multiplo;Rettilineo;Una carreggiata a doppio senso;Asciutto;Asfaltata;Verticale ed orizzontale;Nuvoloso;Normale;Sufficiente;Sufficiente;1;0;0;2;;;-1;1;Autovettura privata;In marcia / fermata / arresto;Conducente;M;Illeso;0;;Non accertato;Inesistente
1957627;11;24/10/2013 06:50;Strada Urbana;VIA DEL PORTO FLUVIALE;da specificare;;;;altezza VIA OSTIENSE.;Tamponamento Multiplo;Rettilineo;Una carreggiata a doppio senso;Asciutto;Asfaltata;Verticale ed orizzontale;Nuvoloso;Normale;Sufficiente;Sufficiente;1;0;0;2;;;-1;2;Autovettura privata;In marcia / fermata / arresto;Conducente;F;Rifiuta cure immediate;0;NON DECEDUTO;Non accertato;Inesistente
1957627;11;24/10/2013 06:50;Strada Urbana;VIA DEL PORTO FLUVIALE;da specificare;;;;altezza VIA OSTIENSE.;Tamponamento Multiplo;Rettilineo;Una carreggiata a doppio senso;Asciutto;Asfaltata;Verticale ed orizzontale;Nuvoloso;Normale;Sufficiente;Sufficiente;1;0;0;2;;;-1;3;Autocarro inferiore 35 q.;In marcia / fermata / arresto;Conducente;M;Illeso;0;;Non accertato;Inesistente
1957628;8;24/10/2013 10:00;Strada Urbana;VIA SERRA PEDACE;all'intersezione con;VIA DOMANICO;VIA DOMANICO;;;Scontro frontale/laterale SX fra veicoli in marcia;Incrocio;Una carreggiata a doppio senso;Asciutto;Asfaltata;Assente;Nuvoloso;Scarso;Buona;Ore Diurne;2;0;0;1;;;-1;1;Autovettura privata;In marcia / fermata / arresto;Conducente;;Rifiuta cure immediate;0;NON DECEDUTO;Non accertato;Inesploso
1957628;8;24/10/2013 10:00;Strada Urbana;VIA SERRA PEDACE;all'intersezione con;VIA DOMANICO;VIA DOMANICO;;;Scontro frontale/laterale SX fra veicoli in marcia;Incrocio;Una carreggiata a doppio senso;Asciutto;Asfaltata;Assente;Nuvoloso;Scarso;Buona;Ore Diurne;2;0;0;1;;;-1;1;Autovettura privata;In marcia / fermata / arresto;Passeggero;F;Illeso;0;;Non accertato;Inesistente
1957628;8;24/10/2013 10:00;Strada Urbana;VIA SERRA PEDACE;all'intersezione con;VIA DOMANICO;VIA DOMANICO;;;Scontro frontale/laterale SX fra veicoli in marcia;Incrocio;Una carreggiata a doppio senso;Asciutto;Asfaltata;Assente;Nuvoloso;Scarso;Buona;Ore Diurne;2;0;0;1;;;-1;2;Autovettura privata;In marcia / fermata / arresto;Conducente;M;Rifiuta cure immediate;0;NON DECEDUTO;Non accertato;Inesistente
1957629;8;24/10/2013 11:40;Statale entro l'abitato;VIA CASILINA;all'intersezione con;VIA DI TORRENOVA;VIA DI TORRENOVA;;;Scontro frontale fra veicoli in marcia;Incrocio;Una carreggiata a doppio senso;Asciutto;Asfaltata;Verticale ed orizzontale;Sereno;Intenso;Buona;Ore Diurne;1;0;0;1;;;-1;1;Motociclo a solo;In marcia / fermata / arresto;Conducente;M;Rimandato;0;NON DECEDUTO;Non accertato;Inesploso
1957629;8;24/10/2013 11:40;Statale entro l'abitato;VIA CASILINA;all'intersezione con;VIA DI TORRENOVA;VIA DI TORRENOVA;;;Scontro frontale fra veicoli in marcia;Incrocio;Una carreggiata a doppio senso;Asciutto;Asfaltata;Verticale ed orizzontale;Sereno;Intenso;Buona;Ore Diurne;1;0;0;1;;;-1;2;Autovettura privata;In marcia / fermata / arresto;Conducente;M;Illeso;0;;Non accertato;Inesploso
1957630;9;24/10/2013 19:00;Strada Urbana;VIA TUSCOLANA;in prossimità;;del civico n. ;454;;Veicolo in marcia contro veicoli in sosta;Rettilineo;Due carreggiate;Bagnato (pioggia);Asfaltata;Verticale ed orizzontale;Nuvoloso;Normale;Buona;Sufficiente;0;0;0;2;;;-1;1;Autovettura privata;In marcia / fermata / arresto;Conducente;M;Illeso;0;;Non accertato;Inesistente
1957630;9;24/10/2013 19:00;Strada Urbana;VIA TUSCOLANA;in prossimità;;del civico n. ;454;;Veicolo in marcia contro veicoli in sosta;Rettilineo;Due carreggiate;Bagnato (pioggia);Asfaltata;Verticale ed orizzontale;Nuvoloso;Normale;Buona;Sufficiente;0;0;0;2;;;-1;1;Autovettura privata;In marcia / fermata / arresto;Passeggero;M;Illeso;0;;Non accertato;Inesistente
1957631;8;24/10/2013 14:30;Strada Urbana;VIA MASSA DI SAN GIULIANO;in prossimità;;del civico n. ;525;;Tamponamento;Rettilineo;Una carreggiata a doppio senso;Asciutto;Asfaltata;Orizzontale;Sereno;Normale;Buona;Ore Diurne;1;0;0;1;;;-1;1;Motociclo a solo;In marcia / fermata / arresto;Conducente;M;Rimandato;0;NON DECEDUTO;Non accertato;Inesistente
1957631;8;24/10/2013 14:30;Strada Urbana;VIA MASSA DI SAN GIULIANO;in prossimità;;del civico n. ;525;;Tamponamento;Rettilineo;Una carreggiata a doppio senso;Asciutto;Asfaltata;Orizzontale;Sereno;Normale;Buona;Ore Diurne;1;0;0;1;;;-1;2;Autovettura privata;In marcia / fermata / arresto;Conducente;M;Illeso;0;;Non accertato;Inesploso
1957632;8;24/10/2013 18:20;Strada Urbana;VIA DEL FOSSO DI S. MAURA;da specificare;;;;inters. Via della Sorbona direzione PTV;Tamponamento;Rotatoria;Una carreggiata a senso unico di marcia;Bagnato (pioggia);Asfaltata;Verticale ed orizzontale;Pioggia in atto;Normale;Sufficiente;Sufficiente;1;0;0;1;;;-1;1;Motociclo a solo;In marcia / fermata / arresto;Conducente;M;Rifiuta cure immediate;0;NON DECEDUTO;Non accertato;Inesploso
1957632;8;24/10/2013 18:20;Strada Urbana;VIA DEL FOSSO DI S. MAURA;da specificare;;;;inters. Via della Sorbona direzione PTV;Tamponamento;Rotatoria;Una carreggiata a senso unico di marcia;Bagnato (pioggia);Asfaltata;Verticale ed orizzontale;Pioggia in atto;Normale;Sufficiente;Sufficiente;1;0;0;1;;;-1;2;Autovettura privata;In marcia / fermata / arresto;Conducente;F;Illeso;0;;Non accertato;Inesploso
1957633;13;24/10/2013 20:15;Strada Urbana;VIALE DEI ROMAGNOLI;da specificare;;;;corrispondenza km 20+900 della via del Mare;Fuoriuscita dalla sede stradale;Rettilineo;Una carreggiata a doppio senso;Bagnato (pioggia);Asfaltata;Orizzontale;Nuvoloso;Normale;Sufficiente;Inesistente;3;0;1;0;;;-1;1;Motociclo a solo;In marcia / fermata / arresto;Conducente;M;Deceduto durante trasporto;-1;;Utilizzato;Inesistente
1957633;13;24/10/2013 20:15;Strada Urbana;VIALE DEI ROMAGNOLI;da specificare;;;;corrispondenza km 20+900 della via del Mare;Fuoriuscita dalla sede stradale;Rettilineo;Una carreggiata a doppio senso;Bagnato (pioggia);Asfaltata;Orizzontale;Nuvoloso;Normale;Sufficiente;Inesistente;3;0;1;0;;;-1;2;Autoambulanza in servizio;In marcia / fermata / arresto;Conducente;M;Rimandato;0;NON DECEDUTO;Non accertato;Inesploso
1957633;13;24/10/2013 20:15;Strada Urbana;VIALE DEI ROMAGNOLI;da specificare;;;;corrispondenza km 20+900 della via del Mare;Fuoriuscita dalla sede stradale;Rettilineo;Una carreggiata a doppio senso;Bagnato (pioggia);Asfaltata;Orizzontale;Nuvoloso;Normale;Sufficiente;Inesistente;3;0;1;0;;;-1;2;Autoambulanza in servizio;In marcia / fermata / arresto;Passeggero;M;Rimandato;0;NON DECEDUTO;Non accertato;Inesploso
1957633;13;24/10/2013 20:15;Strada Urbana;VIALE DEI ROMAGNOLI;da specificare;;;;corrispondenza km 20+900 della via del Mare;Fuoriuscita dalla sede stradale;Rettilineo;Una carreggiata a doppio senso;Bagnato (pioggia);Asfaltata;Orizzontale;Nuvoloso;Normale;Sufficiente;Inesistente;3;0;1;0;;;-1;2;Autoambulanza in servizio;In marcia / fermata / arresto;Passeggero;M;Rimandato;0;NON DECEDUTO;Non accertato;Inesploso
1957634;8;25/10/2013 00:20;Strada Urbana;VIALE S. RITA DA CASCIA;in prossimità;;del civico n. ;40;;Veicolo in marcia contro ostacolo accidentale;Rettilineo;Una carreggiata a doppio senso;Asciutto;Con buche;Verticale ed orizzontale;Nuvoloso;Scarso;Buona;Sufficiente;0;0;0;3;;;-1;1;Autovettura privata;In marcia / fermata / arresto;Passeggero;M;Illeso;0;;Non accertato;Inesploso
1957634;8;25/10/2013 00:20;Strada Urbana;VIALE S. RITA DA CASCIA;in prossimità;;del civico n. ;40;;Veicolo in marcia contro ostacolo accidentale;Rettilineo;Una carreggiata a doppio senso;Asciutto;Con buche;Verticale ed orizzontale;Nuvoloso;Scarso;Buona;Sufficiente;0;0;0;3;;;-1;1;Autovettura privata;In marcia / fermata / arresto;Conducente;M;Illeso;0;;Non accertato;Inesploso
1957634;8;25/10/2013 00:20;Strada Urbana;VIALE S. RITA DA CASCIA;in prossimità;;del civico n. ;40;;Veicolo in marcia contro ostacolo accidentale;Rettilineo;Una carreggiata a doppio senso;Asciutto;Con buche;Verticale ed orizzontale;Nuvoloso;Scarso;Buona;Sufficiente;0;0;0;3;;;-1;1;Autovettura privata;In marcia / fermata / arresto;Passeggero;M;Illeso;0;;Non accertato;Inesploso
1957635;13;24/10/2013 19:10;Strada Urbana;PIAZZA FONTE DEGLI ACILII;da specificare;;;;in corrispondenza della rotatoria ;Scontro frontale/laterale SX fra veicoli in marcia;Rettilineo;Una carreggiata a senso unico di marcia;Bagnato (pioggia);Asfaltata;Verticale ed orizzontale;Pioggia in atto;Intenso;Sufficiente;Sufficiente;1;0;0;1;;;-1;1;Autovettura privata;In marcia / fermata / arresto;Conducente;M;Illeso;0;;Non accertato;Inesploso
1957635;13;24/10/2013 19:10;Strada Urbana;PIAZZA FONTE DEGLI ACILII;da specificare;;;;in corrispondenza della rotatoria ;Scontro frontale/laterale SX fra veicoli in marcia;Rettilineo;Una carreggiata a senso unico di marcia;Bagnato (pioggia);Asfaltata;Verticale ed orizzontale;Pioggia in atto;Intenso;Sufficiente;Sufficiente;1;0;0;1;;;-1;2;Autovettura privata;In marcia / fermata / arresto;Conducente;M;Rimandato;0;NON DECEDUTO;Non accertato;Inesploso
1957636;13;24/10/2013 17:15;Strada Urbana;CORSO DUCA DI GENOVA;in prossimità;;del civico n. ;137;;Scontro frontale/laterale DX fra veicoli in marcia;Rettilineo;Una carreggiata a doppio senso;Asciutto;Asfaltata;Assente;Nuvoloso;Normale;Buona;Ore Diurne;0;0;0;2;;;-1;1;Autovettura privata;In marcia / fermata / arresto;Conducente;M;Illeso;0;;Non accertato;Inesploso
1957636;13;24/10/2013 17:15;Strada Urbana;CORSO DUCA DI GENOVA;in prossimità;;del civico n. ;137;;Scontro frontale/laterale DX fra veicoli in marcia;Rettilineo;Una carreggiata a doppio senso;Asciutto;Asfaltata;Assente;Nuvoloso;Normale;Buona;Ore Diurne;0;0;0;2;;;-1;2;Autovettura privata;In marcia / fermata / arresto;Conducente;M;Illeso;0;;Non accertato;Inesistente
1957637;7;24/10/2013 19:15;Strada Urbana;VIA PRENESTINA;da specificare;;;;ALTEZZA VIA CANDIANI  DISTRIBUTORE Q8;Scontro frontale/laterale DX fra veicoli in marcia;Rettilineo;Una carreggiata a doppio senso;Bagnato (pioggia);Asfaltata;Orizzontale;Nuvoloso;Normale;Buona;Sufficiente;1;0;0;1;;;-1;1;Autovettura privata;In marcia / fermata / arresto;Conducente;F;Illeso;0;;Non accertato;Inesploso
1957637;7;24/10/2013 19:15;Strada Urbana;VIA PRENESTINA;da specificare;;;;ALTEZZA VIA CANDIANI  DISTRIBUTORE Q8;Scontro frontale/laterale DX fra veicoli in marcia;Rettilineo;Una carreggiata a doppio senso;Bagnato (pioggia);Asfaltata;Orizzontale;Nuvoloso;Normale;Buona;Sufficiente;1;0;0;1;;;-1;2;Motociclo a solo;In marcia / fermata / arresto;Conducente;F;Rimandato;0;NON DECEDUTO;Non accertato;Inesistente
1957638;11;25/10/2013 04:55;Strada Urbana;VIA DEL PORTO FLUVIALE;all'intersezione semaforizzata con;VIA OSTIENSE;VIA OSTIENSE;;;Scontro laterale fra veicoli in marcia;Intersezione semaforizzata;Una carreggiata a doppio senso;Asciutto;Asfaltata;Verticale ed orizzontale;Sereno;Scarso;Sufficiente;Sufficiente;1;0;0;1;12.48003;41.87243;-1;1;Motociclo a solo;In marcia / fermata / arresto;Conducente;F;Rifiuta cure immediate;0;NON DECEDUTO;Utilizzato;Inesistente
1957638;11;25/10/2013 04:55;Strada Urbana;VIA DEL PORTO FLUVIALE;all'intersezione semaforizzata con;VIA OSTIENSE;VIA OSTIENSE;;;Scontro laterale fra veicoli in marcia;Intersezione semaforizzata;Una carreggiata a doppio senso;Asciutto;Asfaltata;Verticale ed orizzontale;Sereno;Scarso;Sufficiente;Sufficiente;1;0;0;1;12.48003;41.87243;-1;2;Autovettura privata;Allontanatosi;Conducente;F;Illeso;0;;;Inesistente
1957639;20;24/10/2013 16:00;Strada Urbana;VIA BELLAGIO;da specificare;;;;VIA MARMIROLO;Infortunio per caduta del veicolo;Curva a visuale libera;Una carreggiata a doppio senso;Bagnato (pioggia);Asfaltata;Assente;Pioggia in atto;Scarso;Buona;Ore Diurne;1;0;0;0;;;-1;1;Motociclo a solo;In marcia / fermata / arresto;Conducente;M;Rimandato;0;NON DECEDUTO;Non accertato;Inesistente
1957640;20;24/10/2013 18:30;Strada Urbana;PIAZZA MANFREDI AZZARITA;in corrispondenza;;del civico n. ;1;;Veicolo in marcia contro veicolo in sosta;Rettilineo;Una carreggiata a doppio senso;Bagnato (umidità in atto);Asfaltata;Verticale ed orizzontale;Nuvoloso;Scarso;Sufficiente;Sufficiente;0;0;0;1;;;-1;1;Autobus di linea;In marcia / fermata / arresto;Conducente;F;Illeso;0;;Non accertato;Inesistente
1957641;6;24/10/2013 18:00;Strada Urbana;VIA GALEAZZO ALESSI;all'intersezione con;VIA GABRIO SERBELLONI;VIA GABRIO SERBELLONI;;;Scontro frontale fra veicoli in marcia;Incrocio;Una carreggiata a senso unico di marcia;Bagnato (pioggia);Asfaltata;Verticale ed orizzontale;Pioggia in atto;Normale;Sufficiente;Ore Diurne;0;0;0;3;;;-1;1;Autovettura privata;In marcia / fermata / arresto;Conducente;M;Illeso;0;;Non accertato;Inesploso
1957641;6;24/10/2013 18:00;Strada Urbana;VIA GALEAZZO ALESSI;all'intersezione con;VIA GABRIO SERBELLONI;VIA GABRIO SERBELLONI;;;Scontro frontale fra veicoli in marcia;Incrocio;Una carreggiata a senso unico di marcia;Bagnato (pioggia);Asfaltata;Verticale ed orizzontale;Pioggia in atto;Normale;Sufficiente;Ore Diurne;0;0;0;3;;;-1;1;Autovettura privata;In marcia / fermata / arresto;Passeggero;M;Illeso;0;;Utilizzato;Inesploso
1957641;6;24/10/2013 18:00;Strada Urbana;VIA GALEAZZO ALESSI;all'intersezione con;VIA GABRIO SERBELLONI;VIA GABRIO SERBELLONI;;;Scontro frontale fra veicoli in marcia;Incrocio;Una carreggiata a senso unico di marcia;Bagnato (pioggia);Asfaltata;Verticale ed orizzontale;Pioggia in atto;Normale;Sufficiente;Ore Diurne;0;0;0;3;;;-1;2;Autovettura privata;In marcia / fermata / arresto;Conducente;F;Illeso;0;;Non accertato;Inesploso
1957642;5;24/10/2013 08:45;Strada Urbana;VIA ELISEA SAVELLI;all'intersezione con;VIA CONTI DI RIETI;VIA CONTI DI RIETI;;;Scontro frontale/laterale DX fra veicoli in marcia;Incrocio;Una carreggiata a doppio senso;Asciutto;Asfaltata;Verticale ed orizzontale;Sereno;Scarso;Buona;Ore Diurne;1;0;0;1;;;-1;1;Autovettura privata;In marcia / fermata / arresto;Conducente;F;Illeso;0;;Non accertato;Inesistente
1957642;5;24/10/2013 08:45;Strada Urbana;VIA ELISEA SAVELLI;all'intersezione con;VIA CONTI DI RIETI;VIA CONTI DI RIETI;;;Scontro frontale/laterale DX fra veicoli in marcia;Incrocio;Una carreggiata a doppio senso;Asciutto;Asfaltata;Verticale ed orizzontale;Sereno;Scarso;Buona;Ore Diurne;1;0;0;1;;;-1;2;Motociclo a solo;In marcia / fermata / arresto;Conducente;M;Rimandato;0;NON DECEDUTO;Non accertato;Inesistente
1957643;5;24/10/2013 15:50;Strada Urbana;VIA TIBURTINA;all'intersezione semaforizzata con;VIA ELENA BRANDIZZI GIANNI;VIA ELENA BRANDIZZI GIANNI;;;Scontro laterale fra veicoli in marcia;Incrocio;Due carreggiate;Bagnato (pioggia);Asfaltata;Verticale ed orizzontale;Pioggia in atto;Intenso;Buona;Ore Diurne;2;0;0;4;;;-1;1;Motociclo a solo;In marcia / fermata / arresto;Conducente;F;Illeso;0;;Non accertato;Inesistente
1957643;5;24/10/2013 15:50;Strada Urbana;VIA TIBURTINA;all'intersezione semaforizzata con;VIA ELENA BRANDIZZI GIANNI;VIA ELENA BRANDIZZI GIANNI;;;Scontro laterale fra veicoli in marcia;Incrocio;Due carreggiate;Bagnato (pioggia);Asfaltata;Verticale ed orizzontale;Pioggia in atto;Intenso;Buona;Ore Diurne;2;0;0;4;;;-1;2;Motociclo con passeggero;In marcia / fermata / arresto;Conducente;M;Rimandato;0;NON DECEDUTO;Non accertato;Inesistente
1957643;5;24/10/2013 15:50;Strada Urbana;VIA TIBURTINA;all'intersezione semaforizzata con;VIA ELENA BRANDIZZI GIANNI;VIA ELENA BRANDIZZI GIANNI;;;Scontro laterale fra veicoli in marcia;Incrocio;Due carreggiate;Bagnato (pioggia);Asfaltata;Verticale ed orizzontale;Pioggia in atto;Intenso;Buona;Ore Diurne;2;0;0;4;;;-1;2;Motociclo con passeggero;In marcia / fermata / arresto;Passeggero;F;Rimandato;0;NON DECEDUTO;Non accertato;Inesistente
1957643;5;24/10/2013 15:50;Strada Urbana;VIA TIBURTINA;all'intersezione semaforizzata con;VIA ELENA BRANDIZZI GIANNI;VIA ELENA BRANDIZZI GIANNI;;;Scontro laterale fra veicoli in marcia;Incrocio;Due carreggiate;Bagnato (pioggia);Asfaltata;Verticale ed orizzontale;Pioggia in atto;Intenso;Buona;Ore Diurne;2;0;0;4;;;-1;3;Autocarro inferiore 35 q.;In marcia / fermata / arresto;Conducente;M;Illeso;0;;Non accertato;Inesploso
1957643;5;24/10/2013 15:50;Strada Urbana;VIA TIBURTINA;all'intersezione semaforizzata con;VIA ELENA BRANDIZZI GIANNI;VIA ELENA BRANDIZZI GIANNI;;;Scontro laterale fra veicoli in marcia;Incrocio;Due carreggiate;Bagnato (pioggia);Asfaltata;Verticale ed orizzontale;Pioggia in atto;Intenso;Buona;Ore Diurne;2;0;0;4;;;-1;3;Autocarro inferiore 35 q.;In marcia / fermata / arresto;Passeggero;M;Illeso;0;;Non accertato;Inesploso
1957643;5;24/10/2013 15:50;Strada Urbana;VIA TIBURTINA;all'intersezione semaforizzata con;VIA ELENA BRANDIZZI GIANNI;VIA ELENA BRANDIZZI GIANNI;;;Scontro laterale fra veicoli in marcia;Incrocio;Due carreggiate;Bagnato (pioggia);Asfaltata;Verticale ed orizzontale;Pioggia in atto;Intenso;Buona;Ore Diurne;2;0;0;4;;;-1;4;Autocarro inferiore 35 q.;In marcia / fermata / arresto;Conducente;M;Illeso;0;;Non accertato;Inesistente
1957644;5;24/10/2013 17:45;Strada Urbana;VIA DEI CRISPOLTI;all'intersezione con;VIA LUIGI CESANA;VIA LUIGI CESANA;;;Scontro frontale/laterale SX fra veicoli in marcia;Incrocio;Una carreggiata a doppio senso;Bagnato (pioggia);Asfaltata;Verticale ed orizzontale;Pioggia in atto;Scarso;Sufficiente;Sufficiente;0;0;0;1;;;-1;1;Autovettura privata;In marcia / fermata / arresto;Conducente;M;Illeso;0;;Non accertato;Inesploso
1957645;5;24/10/2013 18:20;Strada Urbana;VIA DELLE CAVE DI PIETRALATA;all'intersezione con;VIA FILIPPO MEDA;VIA FILIPPO MEDA;;;Scontro frontale/laterale SX fra veicoli in marcia;Intersezione stradale segnalata;Una carreggiata a doppio senso;Bagnato (pioggia);Asfaltata;Verticale ed orizzontale;Nuvoloso;Normale;Buona;Ore Diurne;1;0;0;1;;;-1;1;Motociclo a solo;In marcia / fermata / arresto;Conducente;M;Rimandato;0;NON DECEDUTO;Non accertato;Inesistente
1957645;5;24/10/2013 18:20;Strada Urbana;VIA DELLE CAVE DI PIETRALATA;all'intersezione con;VIA FILIPPO MEDA;VIA FILIPPO MEDA;;;Scontro frontale/laterale SX fra veicoli in marcia;Intersezione stradale segnalata;Una carreggiata a doppio senso;Bagnato (pioggia);Asfaltata;Verticale ed orizzontale;Nuvoloso;Normale;Buona;Ore Diurne;1;0;0;1;;;-1;2;Autovettura privata;In marcia / fermata / arresto;Conducente;F;Illeso;0;;Non accertato;Inesistente
1957646;6;24/10/2013 19:20;Strada Urbana;VIA CASILINA;in corrispondenza;;del civico n. ;378;;Infortunio per caduta del veicolo;Rettilineo;Una carreggiata a senso unico di marcia;Viscido da liquidi oleosi;Asfaltata;Orizzontale;Sereno;Intenso;Buona;Sufficiente;1;0;0;1;;;-1;1;Motociclo a solo;In marcia / fermata / arresto;Conducente;M;Rimandato;0;NON DECEDUTO;Non accertato;Inesistente
1957646;6;24/10/2013 19:20;Strada Urbana;VIA CASILINA;in corrispondenza;;del civico n. ;378;;Infortunio per caduta del veicolo;Rettilineo;Una carreggiata a senso unico di marcia;Viscido da liquidi oleosi;Asfaltata;Orizzontale;Sereno;Intenso;Buona;Sufficiente;1;0;0;1;;;-1;2;Autocarro inferiore 35 q.;In marcia / fermata / arresto;Conducente;M;Illeso;0;;Non accertato;Inesploso
1957647;20;24/10/2013 20:15;Regionale entro l'abitato;VIA CASSIA;in prossimità;;del civico n.;1421;;Ribaltamento senza urto contro ostacolo fisso;Rettilineo;Una carreggiata a doppio senso;Bagnato (umidità in atto);Asfaltata;Orizzontale;Nuvoloso;Normale;Sufficiente;Sufficiente;2;0;0;0;12.39704;41.99122;-1;1;Motociclo a solo;In marcia / fermata / arresto;Conducente;F;Rimandato;0;NON DECEDUTO;Non accertato;Inesistente
1957647;20;24/10/2013 20:15;Regionale entro l'abitato;VIA CASSIA;in prossimità;;del civico n.;1421;;Ribaltamento senza urto contro ostacolo fisso;Rettilineo;Una carreggiata a doppio senso;Bagnato (umidità in atto);Asfaltata;Orizzontale;Nuvoloso;Normale;Sufficiente;Sufficiente;2;0;0;0;12.39704;41.99122;-1;1;Motociclo a solo;In marcia / fermata / arresto;Passeggero;F;Rimandato;0;NON DECEDUTO;Non accertato;Inesistente
1957648;18;23/10/2013 13:40;Strada Urbana;VIA TEMISTOCLE CALISTI;all'intersezione con;VIA FRANCESCO AZZURRI;VIA FRANCESCO AZZURRI;;;Scontro laterale fra veicoli in marcia;Intersezione stradale segnalata;Una carreggiata a senso unico di marcia;Asciutto;Asfaltata;Verticale ed orizzontale;Sereno;Scarso;Buona;Ore Diurne;1;0;0;1;;;-1;1;Autovettura privata;In marcia / fermata / arresto;Conducente;M;Illeso;0;;Non accertato;Inesploso
1957648;18;23/10/2013 13:40;Strada Urbana;VIA TEMISTOCLE CALISTI;all'intersezione con;VIA FRANCESCO AZZURRI;VIA FRANCESCO AZZURRI;;;Scontro laterale fra veicoli in marcia;Intersezione stradale segnalata;Una carreggiata a senso unico di marcia;Asciutto;Asfaltata;Verticale ed orizzontale;Sereno;Scarso;Buona;Ore Diurne;1;0;0;1;;;-1;2;Motociclo a solo;In marcia / fermata / arresto;Conducente;M;Rifiuta cure immediate;0;NON DECEDUTO;Non accertato;Inesistente
1957649;17;24/10/2013 15:10;Strada Urbana;PIAZZA AMERICO CAPPONI;in prossimità;;del civico n. ;16;;Investimento di pedone;Rettilineo;Una carreggiata a senso unico di marcia;Bagnato (pioggia);Asfaltata;Verticale ed orizzontale;Pioggia in atto;Normale;Buona;Ore Diurne;1;0;0;1;;;-1;;;;Pedone;F;Rimandato;0;NON DECEDUTO;;
1957649;17;24/10/2013 15:10;Strada Urbana;PIAZZA AMERICO CAPPONI;in prossimità;;del civico n. ;16;;Investimento di pedone;Rettilineo;Una carreggiata a senso unico di marcia;Bagnato (pioggia);Asfaltata;Verticale ed orizzontale;Pioggia in atto;Normale;Buona;Ore Diurne;1;0;0;1;;;-1;1;Autovettura privata;In marcia / fermata / arresto;Conducente;M;Illeso;0;;Non accertato;Inesistente
1957650;3;24/10/2013 09:25;Strada Urbana;VIA NOMENTANA;in prossimità;;del civico n. ;120;;Investimento di pedone;Rettilineo;Più di due carreggiate;Asciutto;Asfaltata;Verticale ed orizzontale;Nuvoloso;Normale;Buona;Ore Diurne;2;0;0;0;;;-1;;;;Pedone;M;Ricoverato;0;NON DECEDUTO;;
1957650;3;24/10/2013 09:25;Strada Urbana;VIA NOMENTANA;in prossimità;;del civico n. ;120;;Investimento di pedone;Rettilineo;Più di due carreggiate;Asciutto;Asfaltata;Verticale ed orizzontale;Nuvoloso;Normale;Buona;Ore Diurne;2;0;0;0;;;-1;1;Motociclo a solo;In marcia / fermata / arresto;Conducente;M;Rifiuta cure immediate;0;NON DECEDUTO;Utilizzato;Inesistente
1957651;17;24/10/2013 14:15;Strada Urbana;PIAZZA MONTE GRAPPA;da specificare;;;;LUNGOTEVERE DELLE ARMI;Scontro laterale fra veicoli in marcia;Rettilineo;Una carreggiata a senso unico di marcia;Asciutto;Asfaltata;Verticale ed orizzontale;Nuvoloso;Normale;Buona;Ore Diurne;1;0;0;0;;;-1;1;Motociclo a solo;In marcia / fermata / arresto;Conducente;M;Rimandato;0;NON DECEDUTO;Non accertato;Inesistente
1957652;6;24/10/2013 22:15;Strada Urbana;VIA ZENODOSSIO;all'intersezione con;VIA PIETRO SENSINI;VIA PIETRO SENSINI;;;Scontro frontale/laterale SX fra veicoli in marcia;Incrocio;Due carreggiate;Asciutto;Asfaltata;Orizzontale;Sereno;Scarso;Buona;Sufficiente;0;0;0;2;;;-1;1;Autovettura privata;In marcia / fermata / arresto;Conducente;M;Illeso;0;;Non accertato;Inesistente