Protocollo;Gruppo;DataOraIncidente;Localizzazione1;STRADA1;Localizzazione2;STRADA2;Strada02;Chilometrica;DaSpecificare;NaturaIncidente;particolaritastrade;TipoStrada;FondoStradale;Pavimentazione;Segnaletica;CondizioneAtmosferica;Traffico;Visibilita;Illuminazione;NUM_FERITI;NUM_RISERVATA;NUM_MORTI;NUM_ILLESI;Longitudine;Latitudine;Confermato;Progressivo;TipoVeicolo;StatoVeicolo;TipoPersona;Sesso;Tipolesione;Deceduto;DecedutoDopo;CinturaCascoUtilizzato;Airbag
1958094;5;30/10/2013 09:30;Strada Urbana;VIA TIBURTINA;all'intersezione con;VIA CARLO PESENTI;VIA CARLO PESENTI;;;Scontro frontale/laterale DX fra veicoli in marcia;Incrocio;Una carreggiata a doppio senso;Asciutto;Asfaltata;Verticale ed orizzontale;Sereno;Intenso;Buona;Ore Diurne;1;0;0;1;;;-1;1;Motociclo a solo;In marcia / fermata / arresto;Conducente;M;Rimandato;0;NON DECEDUTO;Non accertato;Inesistente
1958094;5;30/10/2013 09:30;Strada Urbana;VIA TIBURTINA;all'intersezione con;VIA CARLO PESENTI;VIA CARLO PESENTI;;;Scontro frontale/laterale DX fra veicoli in marcia;Incrocio;Una carreggiata a doppio senso;Asciutto;Asfaltata;Verticale ed orizzontale;Sereno;Intenso;Buona;Ore Diurne;1;0;0;1;;;-1;2;Autovettura privata;In marcia / fermata / arresto;Conducente;F;Illeso;0;;Non accertato;Inesistente
1958095;15;30/10/2013 19:15;Strada Urbana;VIA ANTONIO PACINOTTI;all'intersezione con;VIA DI PIETRA PAPA;VIA DI PIETRA PAPA;;;Scontro frontale/laterale SX fra veicoli in marcia;Intersezione stradale segnalata;Una carreggiata a doppio senso;Asciutto;Asfaltata;Verticale ed orizzontale;Nuvoloso;Normale;Sufficiente;Sufficiente;1;0;0;4;;;-1;1;Motociclo a solo;In marcia / fermata / arresto;Conducente;M;Rimandato;0;NON DECEDUTO;Utilizzato;Inesistente
1958095;15;30/10/2013 19:15;Strada Urbana;VIA ANTONIO PACINOTTI;all'intersezione con;VIA DI PIETRA PAPA;VIA DI PIETRA PAPA;;;Scontro frontale/laterale SX fra veicoli in marcia;Intersezione stradale segnalata;Una carreggiata a doppio senso;Asciutto;Asfaltata;Verticale ed orizzontale;Nuvoloso;Normale;Sufficiente;Sufficiente;1;0;0;4;;;-1;2;Autovettura privata;In marcia / fermata / arresto;Conducente;F;Illeso;0;;Utilizzato;Inesploso
1958095;15;30/10/2013 19:15;Strada Urbana;VIA ANTONIO PACINOTTI;all'intersezione con;VIA DI PIETRA PAPA;VIA DI PIETRA PAPA;;;Scontro frontale/laterale SX fra veicoli in marcia;Intersezione stradale segnalata;Una carreggiata a doppio senso;Asciutto;Asfaltata;Verticale ed orizzontale;Nuvoloso;Normale;Sufficiente;Sufficiente;1;0;0;4;;;-1;2;Autovettura privata;In marcia / fermata / arresto;Passeggero;M;Illeso;0;;Non accertato;Inesploso
1958095;15;30/10/2013 19:15;Strada Urbana;VIA ANTONIO PACINOTTI;all'intersezione con;VIA DI PIETRA PAPA;VIA DI PIETRA PAPA;;;Scontro frontale/laterale SX fra veicoli in marcia;Intersezione stradale segnalata;Una carreggiata a doppio senso;Asciutto;Asfaltata;Verticale ed orizzontale;Nuvoloso;Normale;Sufficiente;Sufficiente;1;0;0;4;;;-1;2;Autovettura privata;In marcia / fermata / arresto;Passeggero;F;Illeso;0;;Non accertato;Inesploso
1958095;15;30/10/2013 19:15;Strada Urbana;VIA ANTONIO PACINOTTI;all'intersezione con;VIA DI PIETRA PAPA;VIA DI PIETRA PAPA;;;Scontro frontale/laterale SX fra veicoli in marcia;Intersezione stradale segnalata;Una carreggiata a doppio senso;Asciutto;Asfaltata;Verticale ed orizzontale;Nuvoloso;Normale;Sufficiente;Sufficiente;1;0;0;4;;;-1;3;Autovettura privata;In marcia / fermata / arresto;Conducente;M;Illeso;0;;Utilizzato;Inesploso
1958096;18;30/10/2013 16:55;Strada Urbana;VIA GREGORIO VII;in prossimità;;del fronte civico n. ;134;;Investimento di pedone;Rettilineo;Più di due carreggiate;Asciutto;Asfaltata;Verticale ed orizzontale;Sereno;Normale;Buona;Ore Diurne;0;1;0;2;;;-1;;;;Pedone;M;Prognosi riservata;0;NON DECEDUTO;;
1958096;18;30/10/2013 16:55;Strada Urbana;VIA GREGORIO VII;in prossimità;;del fronte civico n. ;134;;Investimento di pedone;Rettilineo;Più di due carreggiate;Asciutto;Asfaltata;Verticale ed orizzontale;Sereno;Normale;Buona;Ore Diurne;0;1;0;2;;;-1;1;Autobus turistico;In marcia / fermata / arresto;Conducente;M;Illeso;0;;Non accertato;Inesistente
1958096;18;30/10/2013 16:55;Strada Urbana;VIA GREGORIO VII;in prossimità;;del fronte civico n. ;134;;Investimento di pedone;Rettilineo;Più di due carreggiate;Asciutto;Asfaltata;Verticale ed orizzontale;Sereno;Normale;Buona;Ore Diurne;0;1;0;2;;;-1;1;Autobus turistico;In marcia / fermata / arresto;Passeggero;F;Illeso;0;;Non accertato;Inesistente
1958097;11;30/10/2013 20:15;Strada Urbana;VIA CRISTOFORO COLOMBO;in corrispondenza;;del civico n. ;422;;Investimento di pedone;Rettilineo;Più di due carreggiate;Asciutto;Asfaltata;Verticale;Sereno;Scarso;Sufficiente;Sufficiente;1;0;0;1;;;-1;;;;Pedone;M;Rimandato;0;NON DECEDUTO;;
1958097;11;30/10/2013 20:15;Strada Urbana;VIA CRISTOFORO COLOMBO;in corrispondenza;;del civico n. ;422;;Investimento di pedone;Rettilineo;Più di due carreggiate;Asciutto;Asfaltata;Verticale;Sereno;Scarso;Sufficiente;Sufficiente;1;0;0;1;;;-1;1;Autovettura privata;In marcia / fermata / arresto;Conducente;F;Illeso;0;;Non accertato;Inesistente
1958098;12;30/10/2013 13:00;Strada Urbana;VIALE CITTA' D'EUROPA;all'intersezione con;VIA HELSINKI;VIA HELSINKI;;;Scontro frontale/laterale SX fra veicoli in marcia;Incrocio;Due carreggiate;Asciutto;Asfaltata;Verticale ed orizzontale;Nuvoloso;Normale;Buona;Ore Diurne;1;0;0;1;;;-1;1;Autovettura privata;In marcia / fermata / arresto;Conducente;M;Illeso;0;;Utilizzato;Inesploso
1958098;12;30/10/2013 13:00;Strada Urbana;VIALE CITTA' D'EUROPA;all'intersezione con;VIA HELSINKI;VIA HELSINKI;;;Scontro frontale/laterale SX fra veicoli in marcia;Incrocio;Due carreggiate;Asciutto;Asfaltata;Verticale ed orizzontale;Nuvoloso;Normale;Buona;Ore Diurne;1;0;0;1;;;-1;2;Autovettura privata;In marcia / fermata / arresto;Conducente;F;Rimandato;0;NON DECEDUTO;Utilizzato;Esploso
1958099;11;31/10/2013 03:30;Strada Urbana;VIA APPIA PIGNATELLI;in prossimità;;del palo luce n. ;124;;Ribaltamento senza urto contro ostacolo fisso;Curva senza visuale libera;Una carreggiata a senso unico di marcia;Asciutto;Asfaltata;Orizzontale;Sereno;Scarso;Insufficiente;Inesistente;0;0;0;1;;;-1;1;Autovettura privata;In marcia / fermata / arresto;Conducente;F;Illeso;0;;Non accertato;Esploso
1958100;5;30/10/2013 15:00;Strada Urbana;VIA PIETRO OTTOBONI;in corrispondenza;;del civico n. ;72;;Tamponamento;Rettilineo;Una carreggiata a doppio senso;Asciutto;Asfaltata;Verticale;Sereno;Normale;Buona;Ore Diurne;1;0;0;2;;;-1;1;Motociclo con passeggero;In marcia / fermata / arresto;Conducente;M;Illeso;0;;Non accertato;Inesistente
1958100;5;30/10/2013 15:00;Strada Urbana;VIA PIETRO OTTOBONI;in corrispondenza;;del civico n. ;72;;Tamponamento;Rettilineo;Una carreggiata a doppio senso;Asciutto;Asfaltata;Verticale;Sereno;Normale;Buona;Ore Diurne;1;0;0;2;;;-1;1;Motociclo con passeggero;In marcia / fermata / arresto;Passeggero;M;Rimandato;0;NON DECEDUTO;Non accertato;
1958100;5;30/10/2013 15:00;Strada Urbana;VIA PIETRO OTTOBONI;in corrispondenza;;del civico n. ;72;;Tamponamento;Rettilineo;Una carreggiata a doppio senso;Asciutto;Asfaltata;Verticale;Sereno;Normale;Buona;Ore Diurne;1;0;0;2;;;-1;2;Autovettura di polizia;In marcia / fermata / arresto;Conducente;M;Illeso;0;;Non accertato;
1958101;8;30/10/2013 10:40;Strada Urbana;VIA MASSA DI SAN GIULIANO;in prossimità;;del civico n. ;554;;Tamponamento Multiplo;Curva a visuale libera;Una carreggiata a doppio senso;Asciutto;Asfaltata;Verticale ed orizzontale;Nuvoloso;Normale;Buona;Ore Diurne;2;0;0;1;;;-1;1;Autovettura privata;In marcia / fermata / arresto;Conducente;F;Ricoverato;0;NON DECEDUTO;Non accertato;Inesploso
1958101;8;30/10/2013 10:40;Strada Urbana;VIA MASSA DI SAN GIULIANO;in prossimità;;del civico n. ;554;;Tamponamento Multiplo;Curva a visuale libera;Una carreggiata a doppio senso;Asciutto;Asfaltata;Verticale ed orizzontale;Nuvoloso;Normale;Buona;Ore Diurne;2;0;0;1;;;-1;2;Autovettura privata;In marcia / fermata / arresto;Conducente;M;Illeso;0;;Non accertato;
1958101;8;30/10/2013 10:40;Strada Urbana;VIA MASSA DI SAN GIULIANO;in prossimità;;del civico n. ;554;;Tamponamento Multiplo;Curva a visuale libera;Una carreggiata a doppio senso;Asciutto;Asfaltata;Verticale ed orizzontale;Nuvoloso;Normale;Buona;Ore Diurne;2;0;0;1;;;-1;3;Autovettura privata;In marcia / fermata / arresto;Conducente;M;Ricoverato;0;NON DECEDUTO;Non accertato;Inesistente
1958102;8;30/10/2013 12:30;Strada Urbana;VIA SANT'ELPIDIO A MARE;all'intersezione con;VIA CANTIANO;VIA CANTIANO;;;Scontro frontale/laterale SX fra veicoli in marcia;Incrocio;Una carreggiata a doppio senso;Asciutto;Asfaltata;Verticale ed orizzontale;Sereno;Normale;Buona;Ore Diurne;1;0;0;1;;;-1;1;Autovettura privata;In marcia / fermata / arresto;Conducente;F;Illeso;0;;Non accertato;Inesploso
1958102;8;30/10/2013 12:30;Strada Urbana;VIA SANT'ELPIDIO A MARE;all'intersezione con;VIA CANTIANO;VIA CANTIANO;;;Scontro frontale/laterale SX fra veicoli in marcia;Incrocio;Una carreggiata a doppio senso;Asciutto;Asfaltata;Verticale ed orizzontale;Sereno;Normale;Buona;Ore Diurne;1;0;0;1;;;-1;2;Motociclo a solo;In marcia / fermata / arresto;Conducente;F;Rimandato;0;NON DECEDUTO;Non accertato;Inesistente
1958103;8;30/10/2013 13:05;Strada Urbana;VIALE OXFORD;da specificare;;;;INTERNO PTV;Investimento di pedone;Rettilineo;Una carreggiata a senso unico di marcia;Asciutto;Asfaltata;Verticale ed orizzontale;Sereno;Normale;Buona;Ore Diurne;1;0;0;1;;;-1;;;;Pedone;F;Rimandato;0;NON DECEDUTO;;
1958103;8;30/10/2013 13:05;Strada Urbana;VIALE OXFORD;da specificare;;;;INTERNO PTV;Investimento di pedone;Rettilineo;Una carreggiata a senso unico di marcia;Asciutto;Asfaltata;Verticale ed orizzontale;Sereno;Normale;Buona;Ore Diurne;1;0;0;1;;;-1;1;Autobus urbano;In marcia / fermata / arresto;Conducente;M;Illeso;0;;Non accertato;Inesploso
1958104;8;30/10/2013 18:35;Strada Urbana;VIALE DELLA SORBONA;da specificare;;;;VIA COLUMBIA ROTATORIA;Ribaltamento senza urto contro ostacolo fisso;Rettilineo;Una carreggiata a senso unico di marcia;Asciutto;Asfaltata;Verticale ed orizzontale;Sereno;Normale;Sufficiente;Sufficiente;1;0;0;0;;;-1;1;Motociclo a solo;In marcia / fermata / arresto;Conducente;M;Ricoverato;0;NON DECEDUTO;Non accertato;Inesistente
1958105;5;30/10/2013 17:40;Strada Urbana;VIA TIBURTINA;da specificare;;;;PONTE DI PORTONACCIO DIREZIONE VERANO;Veicolo in marcia contro ostacolo fisso;Rettilineo;Una carreggiata a doppio senso;Asciutto;Asfaltata;Verticale ed orizzontale;Sereno;Intenso;Sufficiente;Sufficiente;1;0;0;0;;;-1;1;Motociclo a solo;In marcia / fermata / arresto;Conducente;M;Rimandato;0;NON DECEDUTO;Non accertato;Inesistente
1958106;8;31/10/2013 04:15;Strada Urbana;VIA PRENESTINA;all'intersezione con;VIA SAMASSI;VIA SAMASSI;;;Veicolo in marcia contro ostacolo fisso;Incrocio;Una carreggiata a senso unico di marcia;Asciutto;Asfaltata;Verticale ed orizzontale;Sereno;Scarso;Buona;Sufficiente;0;0;0;1;;;-1;1;Autovettura di polizia;In marcia / fermata / arresto;Conducente;F;Illeso;0;;Non accertato;Inesploso
1958107;8;30/10/2013 14:30;Strada Urbana;VIALE MARIO PASTORE;all'intersezione con;VIA FRANCESCO TENSI;VIA FRANCESCO TENSI;;;Veicolo in marcia contro ostacolo accidentale;Incrocio;Una carreggiata a senso unico di marcia;Asciutto;Asfaltata;Verticale ed orizzontale;Sereno;Normale;Buona;Ore Diurne;1;0;0;0;;;-1;1;Motociclo a solo;In marcia / fermata / arresto;Conducente;M;Rimandato;0;NON DECEDUTO;Non accertato;Inesistente
1958108;8;30/10/2013 19:00;Strada Urbana;VIA AMICO ASPERTINI;in prossimità;;del civico n. ;386;;Scontro laterale fra veicoli in marcia;Rettilineo;Una carreggiata a doppio senso;Asciutto;Asfaltata;Verticale ed orizzontale;Sereno;Normale;Buona;Sufficiente;2;0;0;1;;;-1;1;Autovettura privata;In marcia / fermata / arresto;Conducente;F;Rifiuta cure immediate;0;NON DECEDUTO;Non accertato;Inesploso
1958108;8;30/10/2013 19:00;Strada Urbana;VIA AMICO ASPERTINI;in prossimità;;del civico n. ;386;;Scontro laterale fra veicoli in marcia;Rettilineo;Una carreggiata a doppio senso;Asciutto;Asfaltata;Verticale ed orizzontale;Sereno;Normale;Buona;Sufficiente;2;0;0;1;;;-1;1;Autovettura privata;In marcia / fermata / arresto;Passeggero;F;Illeso;0;;Non accertato;Inesploso
1958108;8;30/10/2013 19:00;Strada Urbana;VIA AMICO ASPERTINI;in prossimità;;del civico n. ;386;;Scontro laterale fra veicoli in marcia;Rettilineo;Una carreggiata a doppio senso;Asciutto;Asfaltata;Verticale ed orizzontale;Sereno;Normale;Buona;Sufficiente;2;0;0;1;;;-1;2;Autovettura privata;In marcia / fermata / arresto;Conducente;M;Rifiuta cure immediate;0;NON DECEDUTO;Non accertato;Inesploso
1958109;8;30/10/2013 17:30;Strada Urbana;VIALE DELLA SORBONA;da specificare;;;;ROTATORIA DIR FOSSO S. MAURA;Scontro laterale fra veicoli in marcia;Curva a visuale libera;Una carreggiata a senso unico di marcia;Asciutto;Asfaltata;Verticale ed orizzontale;Sereno;Normale;Sufficiente;Sufficiente;0;0;0;2;;;-1;1;Autovettura privata;In marcia / fermata / arresto;Conducente;M;Illeso;0;;Non accertato;Inesistente
1958109;8;30/10/2013 17:30;Strada Urbana;VIALE DELLA SORBONA;da specificare;;;;ROTATORIA DIR FOSSO S. MAURA;Scontro laterale fra veicoli in marcia;Curva a visuale libera;Una carreggiata a senso unico di marcia;Asciutto;Asfaltata;Verticale ed orizzontale;Sereno;Normale;Sufficiente;Sufficiente;0;0;0;2;;;-1;2;Autovettura privata;In marcia / fermata / arresto;Conducente;F;Illeso;0;;Non accertato;Inesistente
1958110;5;30/10/2013 19:00;Strada Urbana;VIA COSTANTINO MORTATI;in corrispondenza;;del civico n. ;4;;Veicolo in marcia contro veicoli in sosta;Rettilineo;Due carreggiate;Asciutto;Asfaltata;Verticale ed orizzontale;Sereno;Normale;Sufficiente;Sufficiente;0;0;0;1;;;-1;1;Autovettura privata;Sosta;Conducente;M;Illeso;0;;Non accertato;Inesistente
1958111;10;30/10/2013 17:00;Strada Urbana;VIALE LUIGI SCHIAVONETTI;in prossimità;;del civico n. ;12;;Scontro laterale fra veicoli in marcia;Rettilineo;Due carreggiate;Asciutto;Asfaltata;Verticale ed orizzontale;Nuvoloso;Normale;Sufficiente;Ore Diurne;1;0;0;1;;;-1;1;Autovettura privata;In marcia / fermata / arresto;Conducente;F;Rimandato;0;NON DECEDUTO;Non accertato;Inesploso
1958111;10;30/10/2013 17:00;Strada Urbana;VIALE LUIGI SCHIAVONETTI;in prossimità;;del civico n. ;12;;Scontro laterale fra veicoli in marcia;Rettilineo;Due carreggiate;Asciutto;Asfaltata;Verticale ed orizzontale;Nuvoloso;Normale;Sufficiente;Ore Diurne;1;0;0;1;;;-1;2;Autovettura privata;In marcia / fermata / arresto;Conducente;M;Illeso;0;;Non accertato;Inesploso
1958112;5;30/10/2013 20:10;Strada Urbana;VIA TIBURTINA;da specificare;;;;ROTATORIA SETTECAMINI;Tamponamento;Rotatoria;Una carreggiata a senso unico di marcia;Asciutto;Asfaltata;Temporanea di cantiere;Sereno;Scarso;Buona;Sufficiente;0;0;0;6;;;-1;1;Autovettura privata;In marcia / fermata / arresto;Conducente;F;Illeso;0;;Non accertato;Inesistente
1958112;5;30/10/2013 20:10;Strada Urbana;VIA TIBURTINA;da specificare;;;;ROTATORIA SETTECAMINI;Tamponamento;Rotatoria;Una carreggiata a senso unico di marcia;Asciutto;Asfaltata;Temporanea di cantiere;Sereno;Scarso;Buona;Sufficiente;0;0;0;6;;;-1;1;Autovettura privata;In marcia / fermata / arresto;Passeggero;M;Illeso;0;;Non accertato;Inesistente
1958112;5;30/10/2013 20:10;Strada Urbana;VIA TIBURTINA;da specificare;;;;ROTATORIA SETTECAMINI;Tamponamento;Rotatoria;Una carreggiata a senso unico di marcia;Asciutto;Asfaltata;Temporanea di cantiere;Sereno;Scarso;Buona;Sufficiente;0;0;0;6;;;-1;2;Motociclo a solo;In marcia / fermata / arresto;Conducente;M;Illeso;0;;Utilizzato;Inesistente
1958112;5;30/10/2013 20:10;Strada Urbana;VIA TIBURTINA;da specificare;;;;ROTATORIA SETTECAMINI;Tamponamento;Rotatoria;Una carreggiata a senso unico di marcia;Asciutto;Asfaltata;Temporanea di cantiere;Sereno;Scarso;Buona;Sufficiente;0;0;0;6;;;-1;3;Autovettura privata;In marcia / fermata / arresto;Conducente;M;Illeso;0;;Non accertato;Inesploso
1958112;5;30/10/2013 20:10;Strada Urbana;VIA TIBURTINA;da specificare;;;;ROTATORIA SETTECAMINI;Tamponamento;Rotatoria;Una carreggiata a senso unico di marcia;Asciutto;Asfaltata;Temporanea di cantiere;Sereno;Scarso;Buona;Sufficiente;0;0;0;6;;;-1;3;Autovettura privata;In marcia / fermata / arresto;Passeggero;M;Illeso;0;;Non accertato;Inesistente
1958112;5;30/10/2013 20:10;Strada Urbana;VIA TIBURTINA;da specificare;;;;ROTATORIA SETTECAMINI;Tamponamento;Rotatoria;Una carreggiata a senso unico di marcia;Asciutto;Asfaltata;Temporanea di cantiere;Sereno;Scarso;Buona;Sufficiente;0;0;0;6;;;-1;3;Autovettura privata;In marcia / fermata / arresto;Passeggero;M;Illeso;0;;;Inesistente
1958113;10;30/10/2013 21:00;Strada Urbana;VIALE PALMIRO TOGLIATTI;in prossimità;;del civico n. ;239;;Scontro laterale fra veicoli in marcia;Rettilineo;Più di due carreggiate;Asciutto;Asfaltata;Verticale ed orizzontale;Nuvoloso;Normale;Buona;Sufficiente;0;0;0;3;;;-1;1;Autovettura privata;In marcia / fermata / arresto;Passeggero;F;Illeso;0;;Non accertato;Inesistente
1958113;10;30/10/2013 21:00;Strada Urbana;VIALE PALMIRO TOGLIATTI;in prossimità;;del civico n. ;239;;Scontro laterale fra veicoli in marcia;Rettilineo;Più di due carreggiate;Asciutto;Asfaltata;Verticale ed orizzontale;Nuvoloso;Normale;Buona;Sufficiente;0;0;0;3;;;-1;1;Autovettura privata;In marcia / fermata / arresto;Passeggero;F;Illeso;0;;Non accertato;Inesistente
1958113;10;30/10/2013 21:00;Strada Urbana;VIALE PALMIRO TOGLIATTI;in prossimità;;del civico n. ;239;;Scontro laterale fra veicoli in marcia;Rettilineo;Più di due carreggiate;Asciutto;Asfaltata;Verticale ed orizzontale;Nuvoloso;Normale;Buona;Sufficiente;0;0;0;3;;;-1;1;Autovettura privata;In marcia / fermata / arresto;Conducente;F;Illeso;0;;Non accertato;Inesistente
1958114;12;30/10/2013 17:45;Strada Urbana;VIA DELLE TRE FONTANE;da specificare;;;;prossimità Viale di Val Fiorita;Scontro laterale fra veicoli in marcia;Rettilineo;Una carreggiata a doppio senso;Asciutto;Asfaltata;Orizzontale;Sereno;Normale;Buona;Sufficiente;1;0;0;0;;;-1;1;Motociclo a solo;In marcia / fermata / arresto;Conducente;M;Rimandato;0;NON DECEDUTO;Utilizzato;Inesistente
1958115;5;31/10/2013 05:50;Strada Urbana;VIA TIBURTINA;all'intersezione con;VIA DEL FORTE TIBURTINO;VIA DEL FORTE TIBURTINO;;;Investimento di pedone;Incrocio;Due carreggiate;Asciutto;Asfaltata;Verticale ed orizzontale;Sereno;Scarso;Sufficiente;Sufficiente;1;0;0;1;;;-1;;;;Pedone;M;Rimandato;0;NON DECEDUTO;;
1958115;5;31/10/2013 05:50;Strada Urbana;VIA TIBURTINA;all'intersezione con;VIA DEL FORTE TIBURTINO;VIA DEL FORTE TIBURTINO;;;Investimento di pedone;Incrocio;Due carreggiate;Asciutto;Asfaltata;Verticale ed orizzontale;Sereno;Scarso;Sufficiente;Sufficiente;1;0;0;1;;;-1;1;Autovettura privata;In marcia / fermata / arresto;Conducente;F;Illeso;0;;Non accertato;Inesistente
1958116;13;30/10/2013 09:10;Comunale extraurbana;VIA GUIDO CALZA;da specificare;;;;altezza svincolo direzione fiumicino;Tamponamento Multiplo;Rettilineo;Una carreggiata a senso unico di marcia;Asciutto;Asfaltata;Verticale ed orizzontale;Sereno;Intenso;Buona;Ore Diurne;3;0;0;1;;;-1;1;Autovettura privata;In marcia / fermata / arresto;Conducente;M;Rimandato;0;NON DECEDUTO;Non accertato;Inesploso
1958116;13;30/10/2013 09:10;Comunale extraurbana;VIA GUIDO CALZA;da specificare;;;;altezza svincolo direzione fiumicino;Tamponamento Multiplo;Rettilineo;Una carreggiata a senso unico di marcia;Asciutto;Asfaltata;Verticale ed orizzontale;Sereno;Intenso;Buona;Ore Diurne;3;0;0;1;;;-1;2;Autovettura privata;In marcia / fermata / arresto;Conducente;F;Rimandato;0;NON DECEDUTO;Non accertato;Inesploso
1958116;13;30/10/2013 09:10;Comunale extraurbana;VIA GUIDO CALZA;da specificare;;;;altezza svincolo direzione fiumicino;Tamponamento Multiplo;Rettilineo;Una carreggiata a senso unico di marcia;Asciutto;Asfaltata;Verticale ed orizzontale;Sereno;Intenso;Buona;Ore Diurne;3;0;0;1;;;-1;2;Autovettura privata;In marcia / fermata / arresto;Passeggero;M;Rimandato;0;NON DECEDUTO;Non accertato;Inesploso
1958116;13;30/10/2013 09:10;Comunale extraurbana;VIA GUIDO CALZA;da specificare;;;;altezza svincolo direzione fiumicino;Tamponamento Multiplo;Rettilineo;Una carreggiata a senso unico di marcia;Asciutto;Asfaltata;Verticale ed orizzontale;Sereno;Intenso;Buona;Ore Diurne;3;0;0;1;;;-1;3;Autocarro inferiore 35 q.;In marcia / fermata / arresto;Conducente;M;Illeso;0;;Non accertato;Inesploso
1958117;13;30/10/2013 21:30;Strada Urbana;CORSO DUCA DI GENOVA;all'intersezione con;VIA FRANCESCO GRENET;VIA FRANCESCO GRENET;;;Scontro frontale/laterale SX fra veicoli in marcia;Incrocio;Una carreggiata a doppio senso;Asciutto;Asfaltata;Verticale ed orizzontale;Sereno;Scarso;Sufficiente;Sufficiente;0;0;0;3;;;-1;1;Autovettura privata;In marcia / fermata / arresto;Conducente;M;Illeso;0;;Non accertato;Inesploso
1958117;13;30/10/2013 21:30;Strada Urbana;CORSO DUCA DI GENOVA;all'intersezione con;VIA FRANCESCO GRENET;VIA FRANCESCO GRENET;;;Scontro frontale/laterale SX fra veicoli in marcia;Incrocio;Una carreggiata a doppio senso;Asciutto;Asfaltata;Verticale ed orizzontale;Sereno;Scarso;Sufficiente;Sufficiente;0;0;0;3;;;-1;1;Autovettura privata;In marcia / fermata / arresto;Passeggero;F;Illeso;0;;Non accertato;Inesploso
1958117;13;30/10/2013 21:30;Strada Urbana;CORSO DUCA DI GENOVA;all'intersezione con;VIA FRANCESCO GRENET;VIA FRANCESCO GRENET;;;Scontro frontale/laterale SX fra veicoli in marcia;Incrocio;Una carreggiata a doppio senso;Asciutto;Asfaltata;Verticale ed orizzontale;Sereno;Scarso;Sufficiente;Sufficiente;0;0;0;3;;;-1;2;Autovettura privata;In marcia / fermata / arresto;Conducente;M;Illeso;0;;Non accertato;Inesploso
1958118;12;30/10/2013 14:30;Provinciale;VIA ARDEATINA;in corrispondenza;;della chilometrica ;20,3;;Ribaltamento senza urto contro ostacolo fisso;Rettilineo;Una carreggiata a doppio senso;Asciutto;Asfaltata;Verticale ed orizzontale;Sereno;Normale;Buona;Ore Diurne;1;0;0;0;;;-1;1;Motociclo a solo;In marcia / fermata / arresto;Conducente;M;Rimandato;0;NON DECEDUTO;Utilizzato;Inesistente
1958119;20;30/10/2013 11:45;Regionale entro l'abitato;VIA CASSIA;all'intersezione con;VIA ANTON GIULIO BRAGAGLIA;VIA ANTON GIULIO BRAGAGLIA;;;Scontro laterale fra veicoli in marcia;Incrocio;Una carreggiata a doppio senso;Asciutto;Asfaltata;Verticale ed orizzontale;Sereno;Normale;Buona;Ore Diurne;1;0;0;1;;;-1;1;Autovettura privata;In marcia / fermata / arresto;Conducente;M;Illeso;0;;Non accertato;Inesistente
1958119;20;30/10/2013 11:45;Regionale entro l'abitato;VIA CASSIA;all'intersezione con;VIA ANTON GIULIO BRAGAGLIA;VIA ANTON GIULIO BRAGAGLIA;;;Scontro laterale fra veicoli in marcia;Incrocio;Una carreggiata a doppio senso;Asciutto;Asfaltata;Verticale ed orizzontale;Sereno;Normale;Buona;Ore Diurne;1;0;0;1;;;-1;2;Motociclo a solo;In marcia / fermata / arresto;Conducente;M;Rimandato;0;NON DECEDUTO;Non accertato;Inesistente
1958120;9;30/10/2013 18:20;Strada Urbana;PIAZZA ZAMA;in prossimità;;del civico n. ;33-36;;Scontro frontale/laterale SX fra veicoli in marcia;Rotatoria;Una carreggiata a senso unico di marcia;Asciutto;Asfaltata;Verticale ed orizzontale;Sereno;Intenso;Buona;Sufficiente;0;0;0;2;;;-1;1;Autobus di linea;In marcia / fermata / arresto;Conducente;M;Illeso;0;;Non accertato;Inesistente
1958120;9;30/10/2013 18:20;Strada Urbana;PIAZZA ZAMA;in prossimità;;del civico n. ;33-36;;Scontro frontale/laterale SX fra veicoli in marcia;Rotatoria;Una carreggiata a senso unico di marcia;Asciutto;Asfaltata;Verticale ed orizzontale;Sereno;Intenso;Buona;Sufficiente;0;0;0;2;;;-1;2;Autovettura privata;In marcia / fermata / arresto;Conducente;M;Illeso;0;;Non accertato;Inesploso
1958121;6;28/10/2013 10:15;Altra strada;VIA PISINO;da specificare;;;;condominio Via Pisino strada interna;Investimento di pedone;Rettilineo;Una carreggiata a doppio senso;Asciutto;Strada pavimentata dissestata;Assente;Sereno;Scarso;Buona;Ore Diurne;1;0;0;1;;;-1;;;;Pedone;M;Rimandato;0;NON DECEDUTO;;
1958121;6;28/10/2013 10:15;Altra strada;VIA PISINO;da specificare;;;;condominio Via Pisino strada interna;Investimento di pedone;Rettilineo;Una carreggiata a doppio senso;Asciutto;Strada pavimentata dissestata;Assente;Sereno;Scarso;Buona;Ore Diurne;1;0;0;1;;;-1;1;Autocarro inferiore 35 q.;In marcia / fermata / arresto;Conducente;M;Illeso;0;;Non accertato;Inesploso
1958122;20;30/10/2013 10:15;Strada Urbana;VIA DEL FORO ITALICO;da specificare;;;;altezza cavalcavia Via Cassia;Tamponamento;Rettilineo;Due carreggiate;Asciutto;Asfaltata;Assente;Sereno;Intenso;Buona;Ore Diurne;1;0;0;1;12.47155;41.94116;-1;1;Autovettura privata;In marcia / fermata / arresto;Conducente;M;Illeso;0;;Non accertato;Inesistente